{
    "name": "root",
    "metadata": {
        "timer_format_version": "0.1.0",
        "start_time_seconds": "1671995061",
        "python_version": "3.8.15 (default, Nov 24 2022, 15:19:38) \n[GCC 11.2.0]",
        "command_line_arguments": "/home/yueqi/anaconda3/envs/unity-drl/bin/mlagents-learn Hand.yaml --run-id=1304",
        "mlagents_version": "0.31.0.dev0",
        "mlagents_envs_version": "0.31.0.dev0",
        "communication_protocol_version": "1.5.0",
        "pytorch_version": "1.8.1+cu102",
        "numpy_version": "1.21.2",
        "end_time_seconds": "1671995144"
    },
    "total": 83.02655553999648,
    "count": 1,
    "self": 0.003504021995468065,
    "children": {
        "run_training.setup": {
            "total": 0.017207846001838334,
            "count": 1,
            "self": 0.017207846001838334
        },
        "TrainerController.start_learning": {
            "total": 83.00584367199917,
            "count": 1,
            "self": 0.031799603093531914,
            "children": {
                "TrainerController._reset_env": {
                    "total": 11.54687936999835,
                    "count": 1,
                    "self": 11.54687936999835
                },
                "TrainerController.advance": {
                    "total": 71.25994743690535,
                    "count": 1361,
                    "self": 0.02526017364289146,
                    "children": {
                        "env_step": {
                            "total": 71.13214974207222,
                            "count": 1361,
                            "self": 68.51225404867728,
                            "children": {
                                "SubprocessEnvManager._take_step": {
                                    "total": 2.600479833985446,
                                    "count": 1361,
                                    "self": 0.06989175520720892,
                                    "children": {
                                        "TorchPolicy.evaluate": {
                                            "total": 2.530588078778237,
                                            "count": 1361,
                                            "self": 2.530588078778237
                                        }
                                    }
                                },
                                "workers": {
                                    "total": 0.01941585940949153,
                                    "count": 1360,
                                    "self": 0.0,
                                    "children": {
                                        "worker_root": {
                                            "total": 22.70392833824735,
                                            "count": 1360,
                                            "is_parallel": true,
                                            "self": 15.598839552636491,
                                            "children": {
                                                "run_training.setup": {
                                                    "total": 0.0,
                                                    "count": 0,
                                                    "is_parallel": true,
                                                    "self": 0.0,
                                                    "children": {
                                                        "steps_from_proto": {
                                                            "total": 0.008747197993216105,
                                                            "count": 1,
                                                            "is_parallel": true,
                                                            "self": 0.008411463000811636,
                                                            "children": {
                                                                "_process_rank_one_or_two_observation": {
                                                                    "total": 0.00033573499240446836,
                                                                    "count": 2,
                                                                    "is_parallel": true,
                                                                    "self": 0.00033573499240446836
                                                                }
                                                            }
                                                        },
                                                        "UnityEnvironment.step": {
                                                            "total": 0.05209762199956458,
                                                            "count": 1,
                                                            "is_parallel": true,
                                                            "self": 0.0001023439981509,
                                                            "children": {
                                                                "UnityEnvironment._generate_step_input": {
                                                                    "total": 0.00022590799198951572,
                                                                    "count": 1,
                                                                    "is_parallel": true,
                                                                    "self": 0.00022590799198951572
                                                                },
                                                                "communicator.exchange": {
                                                                    "total": 0.05149024201091379,
                                                                    "count": 1,
                                                                    "is_parallel": true,
                                                                    "self": 0.05149024201091379
                                                                },
                                                                "steps_from_proto": {
                                                                    "total": 0.0002791279985103756,
                                                                    "count": 1,
                                                                    "is_parallel": true,
                                                                    "self": 0.00017021199164446443,
                                                                    "children": {
                                                                        "_process_rank_one_or_two_observation": {
                                                                            "total": 0.00010891600686591119,
                                                                            "count": 2,
                                                                            "is_parallel": true,
                                                                            "self": 0.00010891600686591119
                                                                        }
                                                                    }
                                                                }
                                                            }
                                                        }
                                                    }
                                                },
                                                "UnityEnvironment.step": {
                                                    "total": 7.10508878561086,
                                                    "count": 1359,
                                                    "is_parallel": true,
                                                    "self": 0.13530867756344378,