{
    "name": "root",
    "metadata": {
        "timer_format_version": "0.1.0",
        "start_time_seconds": "1671761139",
        "python_version": "3.8.15 (default, Nov 24 2022, 15:19:38) \n[GCC 11.2.0]",
        "command_line_arguments": "/home/yueqi/anaconda3/envs/unity-drl/bin/mlagents-learn Hand.yaml --run-id=2005",
        "mlagents_version": "0.31.0.dev0",
        "mlagents_envs_version": "0.31.0.dev0",
        "communication_protocol_version": "1.5.0",
        "pytorch_version": "1.8.1+cu102",
        "numpy_version": "1.21.2",
        "end_time_seconds": "1671761208"
    },
    "total": 68.40047784499984,
    "count": 1,
    "self": 0.003275310999924841,
    "children": {
        "run_training.setup": {
            "total": 0.0067916210000475985,
            "count": 1,
            "self": 0.0067916210000475985
        },
        "TrainerController.start_learning": {
            "total": 68.39041091299987,
            "count": 1,
            "self": 0.00545122700259526,
            "children": {
                "TrainerController._reset_env": {
                    "total": 5.78272489699998,
                    "count": 1,
                    "self": 5.78272489699998
                },
                "TrainerController.advance": {
                    "total": 62.50988395299737,
                    "count": 247,
                    "self": 0.0049084299987498525,
                    "children": {
                        "env_step": {
                            "total": 62.497694027997795,
                            "count": 247,
                            "self": 62.144995318997644,
                            "children": {
                                "SubprocessEnvManager._take_step": {
                                    "total": 0.3496291490000658,
                                    "count": 247,
                                    "self": 0.010938758000065718,
                                    "children": {
                                        "TorchPolicy.evaluate": {
                                            "total": 0.3386903910000001,
                                            "count": 247,
                                            "self": 0.3386903910000001
                                        }
                                    }
                                },
                                "workers": {
                                    "total": 0.003069560000085403,
                                    "count": 246,
                                    "self": 0.0,
                                    "children": {
                                        "worker_root": {
                                            "total": 8.21968422799955,
                                            "count": 246,
                                            "is_parallel": true,
                                            "self": 6.3634922019975875,
                                            "children": {
                                                "run_training.setup": {
                                                    "total": 0.0,
                                                    "count": 0,
                                                    "is_parallel": true,
                                                    "self": 0.0,
                                                    "children": {
                                                        "steps_from_proto": {
                                                            "total": 0.0006370720000177243,
                                                            "count": 1,
                                                            "is_parallel": true,
                                                            "self": 0.0002696490000744234,
                                                            "children": {
                                                                "_process_rank_one_or_two_observation": {
                                                                    "total": 0.00036742299994330097,
                                                                    "count": 2,
                                                                    "is_parallel": true,
                                                                    "self": 0.00036742299994330097
                                                                }
                                                            }
                                                        },
                                                        "UnityEnvironment.step": {
                                                            "total": 0.02585693000014544,
                                                            "count": 1,
                                                            "is_parallel": true,
                                                            "self": 9.24670005133521e-05,
                                                            "children": {
                                                                "UnityEnvironment._generate_step_input": {
                                                                    "total": 0.00011334799978612864,
                                                                    "count": 1,
                                                                    "is_parallel": true,
                                                                    "self": 0.00011334799978612864
                                                                },
                                                                "communicator.exchange": {
                                                                    "total": 0.02537504099996113,
                                                                    "count": 1,
                                                                    "is_parallel": true,
                                                                    "self": 0.02537504099996113
                                                                },
                                                                "steps_from_proto": {
                                                                    "total": 0.0002760739998848294,
                                                                    "count": 1,
                                                                    "is_parallel": true,
                                                                    "self": 0.00015839599973332952,
                                                                    "children": {
                                                                        "_process_rank_one_or_two_observation": {
                                                                            "total": 0.00011767800015149987,
                                                                            "count": 2,
                                                                            "is_parallel": true,
                                                                            "self": 0.00011767800015149987
                                                                        }
                                                                    }
                                                                }
                                                            }
                                                        }
                                                    }
                                                },
                                                "UnityEnvironment.step": {
                                                    "total": 1.8561920260019633,
                                                    "count": 245,
                                                    "is_parallel": true,
                                                    "self": 0.022579324003118018,