{
    "name": "root",
    "metadata": {
        "timer_format_version": "0.1.0",
        "start_time_seconds": "1671826419",
        "python_version": "3.8.15 (default, Nov 24 2022, 15:19:38) \n[GCC 11.2.0]",
        "command_line_arguments": "/home/yueqi/anaconda3/envs/unity-drl/bin/mlagents-learn Hand.yaml --run-id=hand1413",
        "mlagents_version": "0.31.0.dev0",
        "mlagents_envs_version": "0.31.0.dev0",
        "communication_protocol_version": "1.5.0",
        "pytorch_version": "1.8.1+cu102",
        "numpy_version": "1.21.2",
        "end_time_seconds": "1671826544"
    },
    "total": 125.88852070499979,
    "count": 1,
    "self": 0.004074824999406701,
    "children": {
        "run_training.setup": {
            "total": 0.01345730499997444,
            "count": 1,
            "self": 0.01345730499997444
        },
        "TrainerController.start_learning": {
            "total": 125.87098857500041,
            "count": 1,
            "self": 0.192177471971263,
            "children": {
                "TrainerController._reset_env": {
                    "total": 6.649705970000468,
                    "count": 1,
                    "self": 6.649705970000468
                },
                "TrainerController.advance": {
                    "total": 118.84719072902863,
                    "count": 8104,
                    "self": 0.1633679840451805,
                    "children": {
                        "env_step": {
                            "total": 118.00070417894858,
                            "count": 8104,
                            "self": 104.32090104990675,
                            "children": {
                                "SubprocessEnvManager._take_step": {
                                    "total": 13.574400471068657,
                                    "count": 8104,
                                    "self": 0.40426115506397764,
                                    "children": {
                                        "TorchPolicy.evaluate": {
                                            "total": 13.17013931600468,
                                            "count": 8104,
                                            "self": 13.17013931600468
                                        }
                                    }
                                },
                                "workers": {
                                    "total": 0.10540265797317261,
                                    "count": 8103,
                                    "self": 0.0,
                                    "children": {
                                        "worker_root": {
                                            "total": 65.33633512104461,
                                            "count": 8103,
                                            "is_parallel": true,
                                            "self": 27.80161558799682,
                                            "children": {
                                                "run_training.setup": {
                                                    "total": 0.0,
                                                    "count": 0,
                                                    "is_parallel": true,
                                                    "self": 0.0,
                                                    "children": {
                                                        "steps_from_proto": {
                                                            "total": 0.006028599000273971,
                                                            "count": 1,
                                                            "is_parallel": true,
                                                            "self": 0.0006513260004794574,
                                                            "children": {
                                                                "_process_rank_one_or_two_observation": {
                                                                    "total": 0.0053772729997945135,
                                                                    "count": 2,
                                                                    "is_parallel": true,
                                                                    "self": 0.0053772729997945135
                                                                }
                                                            }
                                                        },
                                                        "UnityEnvironment.step": {
                                                            "total": 0.020467119999921124,
                                                            "count": 1,
                                                            "is_parallel": true,
                                                            "self": 0.00010177399963140488,
                                                            "children": {
                                                                "UnityEnvironment._generate_step_input": {
                                                                    "total": 0.00015529699976468692,
                                                                    "count": 1,
                                                                    "is_parallel": true,
                                                                    "self": 0.00015529699976468692
                                                                },
                                                                "communicator.exchange": {
                                                                    "total": 0.019907160000002477,
                                                                    "count": 1,
                                                                    "is_parallel": true,
                                                                    "self": 0.019907160000002477
                                                                },
                                                                "steps_from_proto": {
                                                                    "total": 0.00030288900052255485,
                                                                    "count": 1,
                                                                    "is_parallel": true,
                                                                    "self": 0.00016981499993562466,
                                                                    "children": {
                                                                        "_process_rank_one_or_two_observation": {
                                                                            "total": 0.0001330740005869302,
                                                                            "count": 2,
                                                                            "is_parallel": true,
                                                                            "self": 0.0001330740005869302
                                                                        }
                                                                    }
                                                                }
                                                            }
                                                        }
                                                    }
                                                },
                                                "UnityEnvironment.step": {
                                                    "total": 37.53471953304779,
                                                    "count": 8102,
                                                    "is_parallel": true,
                                                    "self": 0.7031323679821071,