{
    "name": "root",
    "metadata": {
        "timer_format_version": "0.1.0",
        "start_time_seconds": "1671826034",
        "python_version": "3.8.15 (default, Nov 24 2022, 15:19:38) \n[GCC 11.2.0]",
        "command_line_arguments": "/home/yueqi/anaconda3/envs/unity-drl/bin/mlagents-learn Hand.yaml --run-id=hand1407",
        "mlagents_version": "0.31.0.dev0",
        "mlagents_envs_version": "0.31.0.dev0",
        "communication_protocol_version": "1.5.0",
        "pytorch_version": "1.8.1+cu102",
        "numpy_version": "1.21.2",
        "end_time_seconds": "1671826125"
    },
    "total": 91.23257986799945,
    "count": 1,
    "self": 0.004068544999427104,
    "children": {
        "run_training.setup": {
            "total": 0.021211031000348157,
            "count": 1,
            "self": 0.021211031000348157
        },
        "TrainerController.start_learning": {
            "total": 91.20730029199967,
            "count": 1,
            "self": 0.07101678800700029,
            "children": {
                "TrainerController._reset_env": {
                    "total": 8.101283245000559,
                    "count": 1,
                    "self": 8.101283245000559
                },
                "TrainerController.advance": {
                    "total": 82.80555252599243,
                    "count": 3161,
                    "self": 0.051438114977827354,
                    "children": {
                        "env_step": {
                            "total": 82.51173627603202,
                            "count": 3161,
                            "self": 77.17802293305795,
                            "children": {
                                "SubprocessEnvManager._take_step": {
                                    "total": 5.295106406963896,
                                    "count": 3161,
                                    "self": 0.14508834396565362,
                                    "children": {
                                        "TorchPolicy.evaluate": {
                                            "total": 5.150018062998242,
                                            "count": 3161,
                                            "self": 5.150018062998242
                                        }
                                    }
                                },
                                "workers": {
                                    "total": 0.038606936010182835,
                                    "count": 3160,
                                    "self": 0.0,
                                    "children": {
                                        "worker_root": {
                                            "total": 30.79895715603743,
                                            "count": 3160,
                                            "is_parallel": true,
                                            "self": 16.32015050905011,
                                            "children": {
                                                "run_training.setup": {
                                                    "total": 0.0,
                                                    "count": 0,
                                                    "is_parallel": true,
                                                    "self": 0.0,
                                                    "children": {
                                                        "steps_from_proto": {
                                                            "total": 0.0014079049997235416,
                                                            "count": 1,
                                                            "is_parallel": true,
                                                            "self": 0.0008736360005059396,
                                                            "children": {
                                                                "_process_rank_one_or_two_observation": {
                                                                    "total": 0.000534268999217602,
                                                                    "count": 2,
                                                                    "is_parallel": true,
                                                                    "self": 0.000534268999217602
                                                                }
                                                            }
                                                        },
                                                        "UnityEnvironment.step": {
                                                            "total": 0.022164492000229075,
                                                            "count": 1,
                                                            "is_parallel": true,
                                                            "self": 0.00013607999972009566,
                                                            "children": {
                                                                "UnityEnvironment._generate_step_input": {
                                                                    "total": 0.0001621589999558637,
                                                                    "count": 1,
                                                                    "is_parallel": true,
                                                                    "self": 0.0001621589999558637
                                                                },
                                                                "communicator.exchange": {
                                                                    "total": 0.02149279100012791,
                                                                    "count": 1,
                                                                    "is_parallel": true,
                                                                    "self": 0.02149279100012791
                                                                },
                                                                "steps_from_proto": {
                                                                    "total": 0.0003734620004252065,
                                                                    "count": 1,
                                                                    "is_parallel": true,
                                                                    "self": 0.00020676399981311988,
                                                                    "children": {
                                                                        "_process_rank_one_or_two_observation": {
                                                                            "total": 0.00016669800061208662,
                                                                            "count": 2,
                                                                            "is_parallel": true,
                                                                            "self": 0.00016669800061208662
                                                                        }
                                                                    }
                                                                }
                                                            }
                                                        }
                                                    }
                                                },
                                                "UnityEnvironment.step": {
                                                    "total": 14.478806646987323,
                                                    "count": 3159,
                                                    "is_parallel": true,
                                                    "self": 0.27937103190106427,