{
    "name": "root",
    "metadata": {
        "timer_format_version": "0.1.0",
        "start_time_seconds": "1671768460",
        "python_version": "3.8.15 (default, Nov 24 2022, 15:19:38) \n[GCC 11.2.0]",
        "command_line_arguments": "/home/yueqi/anaconda3/envs/unity-drl/bin/mlagents-learn Hand.yaml --run-id=hand2207",
        "mlagents_version": "0.31.0.dev0",
        "mlagents_envs_version": "0.31.0.dev0",
        "communication_protocol_version": "1.5.0",
        "pytorch_version": "1.8.1+cu102",
        "numpy_version": "1.21.2",
        "end_time_seconds": "1671768555"
    },
    "total": 94.75053608300004,
    "count": 1,
    "self": 0.003452575000210345,
    "children": {
        "run_training.setup": {
            "total": 0.007782446999954118,
            "count": 1,
            "self": 0.007782446999954118
        },
        "TrainerController.start_learning": {
            "total": 94.73930106099988,
            "count": 1,
            "self": 0.10703339301153392,
            "children": {
                "TrainerController._reset_env": {
                    "total": 4.580842457000017,
                    "count": 1,
                    "self": 4.580842457000017
                },
                "TrainerController.advance": {
                    "total": 89.94828742398795,
                    "count": 5714,
                    "self": 0.09489496997730384,
                    "children": {
                        "env_step": {
                            "total": 89.49065033200168,
                            "count": 5714,
                            "self": 81.45573706301639,
                            "children": {
                                "SubprocessEnvManager._take_step": {
                                    "total": 7.971935379977822,
                                    "count": 5714,
                                    "self": 0.23350893797260142,
                                    "children": {
                                        "TorchPolicy.evaluate": {
                                            "total": 7.7384264420052205,
                                            "count": 5714,
                                            "self": 7.7384264420052205
                                        }
                                    }
                                },
                                "workers": {
                                    "total": 0.06297788900747037,
                                    "count": 5713,
                                    "self": 0.0,
                                    "children": {
                                        "worker_root": {
                                            "total": 34.41542665301404,
                                            "count": 5713,
                                            "is_parallel": true,
                                            "self": 16.9180124440054,
                                            "children": {
                                                "run_training.setup": {
                                                    "total": 0.0,
                                                    "count": 0,
                                                    "is_parallel": true,
                                                    "self": 0.0,
                                                    "children": {
                                                        "steps_from_proto": {
                                                            "total": 0.0005852320000485633,
                                                            "count": 1,
                                                            "is_parallel": true,
                                                            "self": 0.00029162400005589006,
                                                            "children": {
                                                                "_process_rank_one_or_two_observation": {
                                                                    "total": 0.0002936079999926733,
                                                                    "count": 2,
                                                                    "is_parallel": true,
                                                                    "self": 0.0002936079999926733
                                                                }
                                                            }
                                                        },
                                                        "UnityEnvironment.step": {
                                                            "total": 0.020688009999958012,
                                                            "count": 1,
                                                            "is_parallel": true,
                                                            "self": 0.00011109100023531937,
                                                            "children": {
                                                                "UnityEnvironment._generate_step_input": {
                                                                    "total": 0.0002035369998338865,
                                                                    "count": 1,
                                                                    "is_parallel": true,
                                                                    "self": 0.0002035369998338865
                                                                },
                                                                "communicator.exchange": {
                                                                    "total": 0.020103087999814306,
                                                                    "count": 1,
                                                                    "is_parallel": true,
                                                                    "self": 0.020103087999814306
                                                                },
                                                                "steps_from_proto": {
                                                                    "total": 0.0002702940000745002,
                                                                    "count": 1,
                                                                    "is_parallel": true,
                                                                    "self": 0.0001572480005052057,
                                                                    "children": {
                                                                        "_process_rank_one_or_two_observation": {
                                                                            "total": 0.00011304599956929451,
                                                                            "count": 2,
                                                                            "is_parallel": true,
                                                                            "self": 0.00011304599956929451
                                                                        }
                                                                    }
                                                                }
                                                            }
                                                        }
                                                    }
                                                },
                                                "UnityEnvironment.step": {
                                                    "total": 17.49741420900864,
                                                    "count": 5712,
                                                    "is_parallel": true,
                                                    "self": 0.44313815498298936,