{
    "name": "root",
    "gauges": {
        "RollerBall.Policy.Entropy.mean": {
            "value": 1.2417984008789062,
            "min": 1.2417984008789062,
            "max": 1.4228023290634155,
            "count": 8
        },
        "RollerBall.Policy.Entropy.sum": {
            "value": 12403.08203125,
            "min": 12403.08203125,
            "max": 14237.982421875,
            "count": 8
        },
        "RollerBall.Environment.EpisodeLength.mean": {
            "value": 5.7440918298447,
            "min": 5.7440918298447,
            "max": 12.85180055401662,
            "count": 8
        },
        "RollerBall.Environment.EpisodeLength.sum": {
            "value": 8507.0,
            "min": 8507.0,
            "max": 9279.0,
            "count": 8
        },
        "RollerBall.Step.mean": {
            "value": 79997.0,
            "min": 9997.0,
            "max": 79997.0,
            "count": 8
        },
        "RollerBall.Step.sum": {
            "value": 79997.0,
            "min": 9997.0,
            "max": 79997.0,
            "count": 8
        },
        "RollerBall.Policy.ExtrinsicValueEstimate.mean": {
            "value": 0.9590179920196533,
            "min": 0.44709742069244385,
            "max": 0.969196081161499,
            "count": 8
        },
        "RollerBall.Policy.ExtrinsicValueEstimate.sum": {
            "value": 1420.3056640625,
            "min": 410.4354248046875,
            "max": 1424.71826171875,
            "count": 8
        },
        "RollerBall.Environment.CumulativeReward.mean": {
            "value": 0.9898717083051992,
            "min": 0.4940021810250818,
            "max": 0.9979591836734694,
            "count": 8
        },
        "RollerBall.Environment.CumulativeReward.sum": {
            "value": 1466.0,
            "min": 453.0,
            "max": 1467.0,
            "count": 8
        },
        "RollerBall.Policy.ExtrinsicReward.mean": {
            "value": 0.9898717083051992,
            "min": 0.4940021810250818,
            "max": 0.9979591836734694,
            "count": 8
        },
        "RollerBall.Policy.ExtrinsicReward.sum": {
            "value": 1466.0,
            "min": 453.0,
            "max": 1467.0,
            "count": 8
        },
        "RollerBall.Losses.PolicyLoss.mean": {
            "value": 0.24247847112935594,
            "min": 0.2329075228829268,
            "max": 0.24298247430071684,
            "count": 8
        },
        "RollerBall.Losses.PolicyLoss.sum": {
            "value": 23.035454757288814,
            "min": 21.257800490278242,
            "max": 23.303640663012807,
            "count": 8
        },
        "RollerBall.Losses.ValueLoss.mean": {
            "value": 0.006109600014742145,
            "min": 0.0013911068315308622,
            "max": 0.0848883752950687,
            "count": 8
        },
        "RollerBall.Losses.ValueLoss.sum": {
            "value": 0.5804120014005038,
            "min": 0.13354625582696278,
            "max": 7.8097305271463195,
            "count": 8
        },
        "RollerBall.Policy.LearningRate.mean": {
            "value": 0.00025499553079096836,
            "min": 0.00025499553079096836,
            "max": 0.0002969820075277369,
            "count": 8
        },
        "RollerBall.Policy.LearningRate.sum": {
            "value": 0.024224575425141996,
            "min": 0.024224575425141996,
            "max": 0.027322344692551792,
            "count": 8
        },
        "RollerBall.Policy.Epsilon.mean": {
            "value": 0.18499850526315784,
            "min": 0.18499850526315784,
            "max": 0.19899400217391303,
            "count": 8
        },
        "RollerBall.Policy.Epsilon.sum": {
            "value": 17.574857999999995,
            "min": 17.333072,
            "max": 18.335088,
            "count": 8
        },
        "RollerBall.Policy.Beta.mean": {
            "value": 0.0005000000000000001,
            "min": 0.0005000000000000001,
            "max": 0.0005000000000000002,
            "count": 8
        },
        "RollerBall.Policy.Beta.sum": {
            "value": 0.047500000000000014,
            "min": 0.04400000000000001,
            "max": 0.04800000000000002,
            "count": 8
        },
        "RollerBall.IsTraining.mean": {
            "value": 1.0,
            "min": 1.0,
            "max": 1.0,
            "count": 8
        },
        "RollerBall.IsTraining.sum": {
            "value": 1.0,
            "min": 1.0,
            "max": 1.0,
            "count": 8
        }
    },
    "metadata": {
        "timer_format_version": "0.1.0",
        "start_time_seconds": "1670973577",
        "python_version": "3.8.15 (default, Nov 24 2022, 15:19:38) \n[GCC 11.2.0]",
        "command_line_arguments": "/home/yueqi/anaconda3/envs/unity-drl/bin/mlagents-learn RollerBall.yaml --run-id=RB001",
        "mlagents_version": "0.31.0.dev0",
        "mlagents_envs_version": "0.31.0.dev0",
        "communication_protocol_version": "1.5.0",
        "pytorch_version": "1.8.1+cu102",
        "numpy_version": "1.21.2",
        "end_time_seconds": "1670974249"
    },
    "total": 672.2086461559993,
    "count": 1,
    "self": 0.005706769003154477,
    "children": {
        "run_training.setup": {
            "total": 0.01268403999711154,
            "count": 1,
            "self": 0.01268403999711154
        },
        "TrainerController.start_learning": {
            "total": 672.190255346999,
            "count": 1,
            "self": 2.191507473038655,
            "children": {
                "TrainerController._reset_env": {
                    "total": 6.0826679519996105,
                    "count": 1,
                    "self": 6.0826679519996105
                },
                "TrainerController.advance": {
                    "total": 663.7186164999621,
                    "count": 89497,
                    "self": 1.724424453033862,
                    "children": {
                        "env_step": {
                            "total": 592.786750713949,
                            "count": 89497,
                            "self": 530.5819421313536,
                            "children": {
                                "SubprocessEnvManager._take_step": {
                                    "total": 60.85406306575533,
                                    "count": 89497,
                                    "self": 4.598777482282458,
                                    "children": {
                                        "TorchPolicy.evaluate": {
                                            "total": 56.25528558347287,
                                            "count": 80417,
                                            "self": 56.25528558347287
                                        }
                                    }
                                },
                                "workers": {
                                    "total": 1.3507455168401066,
                                    "count": 89497,
                                    "self": 0.0,
                                    "children": {
                                        "worker_root": {
                                            "total": 668.9550985760143,
                                            "count": 89497,
                                            "is_parallel": true,
                                            "self": 215.27363298073396,
                                            "children": {
                                                "run_training.setup": {
                                                    "total": 0.0,
                                                    "count": 0,
                                                    "is_parallel": true,
                                                    "self": 0.0,