{
    "name": "root",
    "metadata": {
        "timer_format_version": "0.1.0",
        "start_time_seconds": "1671924806",
        "python_version": "3.8.15 (default, Nov 24 2022, 15:19:38) \n[GCC 11.2.0]",
        "command_line_arguments": "/home/yueqi/anaconda3/envs/unity-drl/bin/mlagents-learn Hand.yaml --run-id=1733",
        "mlagents_version": "0.31.0.dev0",
        "mlagents_envs_version": "0.31.0.dev0",
        "communication_protocol_version": "1.5.0",
        "pytorch_version": "1.8.1+cu102",
        "numpy_version": "1.21.2",
        "end_time_seconds": "1671924887"
    },
    "total": 81.89864581999973,
    "count": 1,
    "self": 0.003699005997987115,
    "children": {
        "run_training.setup": {
            "total": 0.013068830001429887,
            "count": 1,
            "self": 0.013068830001429887
        },
        "TrainerController.start_learning": {
            "total": 81.88187798400031,
            "count": 1,
            "self": 0.05024453798614559,
            "children": {
                "TrainerController._reset_env": {
                    "total": 8.184373128000516,
                    "count": 1,
                    "self": 8.184373128000516
                },
                "TrainerController.advance": {
                    "total": 73.55094825201377,
                    "count": 2357,
                    "self": 0.04496819406085706,
                    "children": {
                        "env_step": {
                            "total": 73.33945964101622,
                            "count": 2357,
                            "self": 69.80771831697894,
                            "children": {
                                "SubprocessEnvManager._take_step": {
                                    "total": 3.5059976860120514,
                                    "count": 2357,
                                    "self": 0.10051216001374996,
                                    "children": {
                                        "TorchPolicy.evaluate": {
                                            "total": 3.4054855259983015,
                                            "count": 2357,
                                            "self": 3.4054855259983015
                                        }
                                    }
                                },
                                "workers": {
                                    "total": 0.02574363802523294,
                                    "count": 2356,
                                    "self": 0.0,
                                    "children": {
                                        "worker_root": {
                                            "total": 21.650980986018112,
                                            "count": 2356,
                                            "is_parallel": true,
                                            "self": 13.605019416036157,
                                            "children": {
                                                "run_training.setup": {
                                                    "total": 0.0,
                                                    "count": 0,
                                                    "is_parallel": true,
                                                    "self": 0.0,
                                                    "children": {
                                                        "steps_from_proto": {
                                                            "total": 0.0005610040007013595,
                                                            "count": 1,
                                                            "is_parallel": true,
                                                            "self": 0.00025857100081339013,
                                                            "children": {
                                                                "_process_rank_one_or_two_observation": {
                                                                    "total": 0.00030243299988796934,
                                                                    "count": 2,
                                                                    "is_parallel": true,
                                                                    "self": 0.00030243299988796934
                                                                }
                                                            }
                                                        },
                                                        "UnityEnvironment.step": {
                                                            "total": 0.03199456999936956,
                                                            "count": 1,
                                                            "is_parallel": true,
                                                            "self": 0.0001084159994206857,
                                                            "children": {
                                                                "UnityEnvironment._generate_step_input": {
                                                                    "total": 0.00015195800006040372,
                                                                    "count": 1,
                                                                    "is_parallel": true,
                                                                    "self": 0.00015195800006040372
                                                                },
                                                                "communicator.exchange": {
                                                                    "total": 0.03142579199993634,
                                                                    "count": 1,
                                                                    "is_parallel": true,
                                                                    "self": 0.03142579199993634
                                                                },
                                                                "steps_from_proto": {
                                                                    "total": 0.00030840399995213374,
                                                                    "count": 1,
                                                                    "is_parallel": true,
                                                                    "self": 0.00016575400150031783,
                                                                    "children": {
                                                                        "_process_rank_one_or_two_observation": {
                                                                            "total": 0.00014264999845181592,
                                                                            "count": 2,
                                                                            "is_parallel": true,
                                                                            "self": 0.00014264999845181592
                                                                        }
                                                                    }
                                                                }
                                                            }
                                                        }
                                                    }
                                                },
                                                "UnityEnvironment.step": {
                                                    "total": 8.045961569981955,
                                                    "count": 2355,
                                                    "is_parallel": true,
                                                    "self": 0.17350450106278004,