{
    "name": "root",
    "metadata": {
        "timer_format_version": "0.1.0",
        "start_time_seconds": "1671946788",
        "python_version": "3.8.15 (default, Nov 24 2022, 15:19:38) \n[GCC 11.2.0]",
        "command_line_arguments": "/home/yueqi/anaconda3/envs/unity-drl/bin/mlagents-learn Hand.yaml --run-id=2339",
        "mlagents_version": "0.31.0.dev0",
        "mlagents_envs_version": "0.31.0.dev0",
        "communication_protocol_version": "1.5.0",
        "pytorch_version": "1.8.1+cu102",
        "numpy_version": "1.21.2",
        "end_time_seconds": "1671946887"
    },
    "total": 98.45659664299819,
    "count": 1,
    "self": 0.0034082579950336367,
    "children": {
        "run_training.setup": {
            "total": 0.011335225000948412,
            "count": 1,
            "self": 0.011335225000948412
        },
        "TrainerController.start_learning": {
            "total": 98.44185316000221,
            "count": 1,
            "self": 0.10149079798065941,
            "children": {
                "TrainerController._reset_env": {
                    "total": 9.262079452000762,
                    "count": 1,
                    "self": 9.262079452000762
                },
                "TrainerController.advance": {
                    "total": 88.95029231201988,
                    "count": 4457,
                    "self": 0.08356242007721448,
                    "children": {
                        "env_step": {
                            "total": 88.52411731108805,
                            "count": 4457,
                            "self": 80.76974990803137,
                            "children": {
                                "SubprocessEnvManager._take_step": {
                                    "total": 7.698197841960791,
                                    "count": 4457,
                                    "self": 0.21736879710806534,
                                    "children": {
                                        "TorchPolicy.evaluate": {
                                            "total": 7.480829044852726,
                                            "count": 4457,
                                            "self": 7.480829044852726
                                        }
                                    }
                                },
                                "workers": {
                                    "total": 0.056169561095885,
                                    "count": 4456,
                                    "self": 0.0,
                                    "children": {
                                        "worker_root": {
                                            "total": 38.092296607905155,
                                            "count": 4456,
                                            "is_parallel": true,
                                            "self": 21.025992261820647,
                                            "children": {
                                                "run_training.setup": {
                                                    "total": 0.0,
                                                    "count": 0,
                                                    "is_parallel": true,
                                                    "self": 0.0,
                                                    "children": {
                                                        "steps_from_proto": {
                                                            "total": 0.0011949609979637899,
                                                            "count": 1,
                                                            "is_parallel": true,
                                                            "self": 0.0005491789997904561,
                                                            "children": {
                                                                "_process_rank_one_or_two_observation": {
                                                                    "total": 0.0006457819981733337,
                                                                    "count": 2,
                                                                    "is_parallel": true,
                                                                    "self": 0.0006457819981733337
                                                                }
                                                            }
                                                        },
                                                        "UnityEnvironment.step": {
                                                            "total": 0.02656580999973812,
                                                            "count": 1,
                                                            "is_parallel": true,
                                                            "self": 9.774499994819053e-05,
                                                            "children": {
                                                                "UnityEnvironment._generate_step_input": {
                                                                    "total": 0.00015466299737454392,
                                                                    "count": 1,
                                                                    "is_parallel": true,
                                                                    "self": 0.00015466299737454392
                                                                },
                                                                "communicator.exchange": {
                                                                    "total": 0.02604839100240497,
                                                                    "count": 1,
                                                                    "is_parallel": true,
                                                                    "self": 0.02604839100240497
                                                                },
                                                                "steps_from_proto": {
                                                                    "total": 0.0002650110000104178,
                                                                    "count": 1,
                                                                    "is_parallel": true,
                                                                    "self": 0.00015272900418494828,
                                                                    "children": {
                                                                        "_process_rank_one_or_two_observation": {
                                                                            "total": 0.0001122819958254695,
                                                                            "count": 2,
                                                                            "is_parallel": true,
                                                                            "self": 0.0001122819958254695
                                                                        }
                                                                    }
                                                                }
                                                            }
                                                        }
                                                    }
                                                },
                                                "UnityEnvironment.step": {
                                                    "total": 17.066304346084507,
                                                    "count": 4455,
                                                    "is_parallel": true,
                                                    "self": 0.39615463819063734,