{
    "name": "root",
    "metadata": {
        "timer_format_version": "0.1.0",
        "start_time_seconds": "1671952234",
        "python_version": "3.8.15 (default, Nov 24 2022, 15:19:38) \n[GCC 11.2.0]",
        "command_line_arguments": "/home/yueqi/anaconda3/envs/unity-drl/bin/mlagents-learn Hand.yaml --run-id=0110",
        "mlagents_version": "0.31.0.dev0",
        "mlagents_envs_version": "0.31.0.dev0",
        "communication_protocol_version": "1.5.0",
        "pytorch_version": "1.8.1+cu102",
        "numpy_version": "1.21.2",
        "end_time_seconds": "1671952346"
    },
    "total": 111.28106238100008,
    "count": 1,
    "self": 0.0032520870081498288,
    "children": {
        "run_training.setup": {
            "total": 0.0172686439982499,
            "count": 1,
            "self": 0.0172686439982499
        },
        "TrainerController.start_learning": {
            "total": 111.26054164999368,
            "count": 1,
            "self": 0.13473112666542875,
            "children": {
                "TrainerController._reset_env": {
                    "total": 9.975632715002575,
                    "count": 1,
                    "self": 9.975632715002575
                },
                "TrainerController.advance": {
                    "total": 101.06126602132281,
                    "count": 9477,
                    "self": 0.12047396459820447,
                    "children": {
                        "env_step": {
                            "total": 100.36214844673668,
                            "count": 9477,
                            "self": 89.71528240411135,
                            "children": {
                                "SubprocessEnvManager._take_step": {
                                    "total": 10.565568337158766,
                                    "count": 9477,
                                    "self": 0.33259841019753367,
                                    "children": {
                                        "TorchPolicy.evaluate": {
                                            "total": 10.232969926961232,
                                            "count": 9477,
                                            "self": 10.232969926961232
                                        }
                                    }
                                },
                                "workers": {
                                    "total": 0.081297705466568,
                                    "count": 9476,
                                    "self": 0.0,
                                    "children": {
                                        "worker_root": {
                                            "total": 50.91794094324723,
                                            "count": 9476,
                                            "is_parallel": true,
                                            "self": 26.38753373290092,
                                            "children": {
                                                "run_training.setup": {
                                                    "total": 0.0,
                                                    "count": 0,
                                                    "is_parallel": true,
                                                    "self": 0.0,
                                                    "children": {
                                                        "steps_from_proto": {
                                                            "total": 0.0006172560024424456,
                                                            "count": 1,
                                                            "is_parallel": true,
                                                            "self": 0.00031024599593365565,
                                                            "children": {
                                                                "_process_rank_one_or_two_observation": {
                                                                    "total": 0.00030701000650878996,
                                                                    "count": 2,
                                                                    "is_parallel": true,
                                                                    "self": 0.00030701000650878996
                                                                }
                                                            }
                                                        },
                                                        "UnityEnvironment.step": {
                                                            "total": 0.037273761998221744,
                                                            "count": 1,
                                                            "is_parallel": true,
                                                            "self": 8.448999869870022e-05,
                                                            "children": {
                                                                "UnityEnvironment._generate_step_input": {
                                                                    "total": 0.00010821499745361507,
                                                                    "count": 1,
                                                                    "is_parallel": true,
                                                                    "self": 0.00010821499745361507
                                                                },
                                                                "communicator.exchange": {
                                                                    "total": 0.03679759099759394,
                                                                    "count": 1,
                                                                    "is_parallel": true,
                                                                    "self": 0.03679759099759394
                                                                },
                                                                "steps_from_proto": {
                                                                    "total": 0.00028346600447548553,
                                                                    "count": 1,
                                                                    "is_parallel": true,
                                                                    "self": 0.00016183600382646546,
                                                                    "children": {
                                                                        "_process_rank_one_or_two_observation": {
                                                                            "total": 0.00012163000064902008,
                                                                            "count": 2,
                                                                            "is_parallel": true,
                                                                            "self": 0.00012163000064902008
                                                                        }
                                                                    }
                                                                }
                                                            }
                                                        }
                                                    }
                                                },
                                                "UnityEnvironment.step": {
                                                    "total": 24.53040721034631,
                                                    "count": 9475,
                                                    "is_parallel": true,
                                                    "self": 0.5648271206082427,