{
    "name": "root",
    "metadata": {
        "timer_format_version": "0.1.0",
        "start_time_seconds": "1671767343",
        "python_version": "3.8.15 (default, Nov 24 2022, 15:19:38) \n[GCC 11.2.0]",
        "command_line_arguments": "/home/yueqi/anaconda3/envs/unity-drl/bin/mlagents-learn Hand.yaml --run-id=hand2149",
        "mlagents_version": "0.31.0.dev0",
        "mlagents_envs_version": "0.31.0.dev0",
        "communication_protocol_version": "1.5.0",
        "pytorch_version": "1.8.1+cu102",
        "numpy_version": "1.21.2",
        "end_time_seconds": "1671767458"
    },
    "total": 114.95539536199999,
    "count": 1,
    "self": 0.0032999749998907646,
    "children": {
        "run_training.setup": {
            "total": 0.00698472900012348,
            "count": 1,
            "self": 0.00698472900012348
        },
        "TrainerController.start_learning": {
            "total": 114.94511065799998,
            "count": 1,
            "self": 0.057993859004682236,
            "children": {
                "TrainerController._reset_env": {
                    "total": 5.331938530000116,
                    "count": 1,
                    "self": 5.331938530000116
                },
                "TrainerController.advance": {
                    "total": 109.46119032599518,
                    "count": 3027,
                    "self": 0.05068904599420421,
                    "children": {
                        "env_step": {
                            "total": 109.17650794699534,
                            "count": 3027,
                            "self": 104.75324318298749,
                            "children": {
                                "SubprocessEnvManager._take_step": {
                                    "total": 4.389155671013668,
                                    "count": 3027,
                                    "self": 0.13160932401160608,
                                    "children": {
                                        "TorchPolicy.evaluate": {
                                            "total": 4.257546347002062,
                                            "count": 3027,
                                            "self": 4.257546347002062
                                        }
                                    }
                                },
                                "workers": {
                                    "total": 0.03410909299418563,
                                    "count": 3026,
                                    "self": 0.0,
                                    "children": {
                                        "worker_root": {
                                            "total": 54.69194261899656,
                                            "count": 3026,
                                            "is_parallel": true,
                                            "self": 12.202582374990925,
                                            "children": {
                                                "run_training.setup": {
                                                    "total": 0.0,
                                                    "count": 0,
                                                    "is_parallel": true,
                                                    "self": 0.0,
                                                    "children": {
                                                        "steps_from_proto": {
                                                            "total": 0.0008615900001132104,
                                                            "count": 1,
                                                            "is_parallel": true,
                                                            "self": 0.0004199440002139454,
                                                            "children": {
                                                                "_process_rank_one_or_two_observation": {
                                                                    "total": 0.000441645999899265,
                                                                    "count": 2,
                                                                    "is_parallel": true,
                                                                    "self": 0.000441645999899265
                                                                }
                                                            }
                                                        },
                                                        "UnityEnvironment.step": {
                                                            "total": 0.02009392700006174,
                                                            "count": 1,
                                                            "is_parallel": true,
                                                            "self": 9.392700007992971e-05,
                                                            "children": {
                                                                "UnityEnvironment._generate_step_input": {
                                                                    "total": 0.00011551900001904869,
                                                                    "count": 1,
                                                                    "is_parallel": true,
                                                                    "self": 0.00011551900001904869
                                                                },
                                                                "communicator.exchange": {
                                                                    "total": 0.019647823000013886,
                                                                    "count": 1,
                                                                    "is_parallel": true,
                                                                    "self": 0.019647823000013886
                                                                },
                                                                "steps_from_proto": {
                                                                    "total": 0.00023665799994887493,
                                                                    "count": 1,
                                                                    "is_parallel": true,
                                                                    "self": 0.00012873299988314102,
                                                                    "children": {
                                                                        "_process_rank_one_or_two_observation": {
                                                                            "total": 0.00010792500006573391,
                                                                            "count": 2,
                                                                            "is_parallel": true,
                                                                            "self": 0.00010792500006573391
                                                                        }
                                                                    }
                                                                }
                                                            }
                                                        }
                                                    }
                                                },
                                                "UnityEnvironment.step": {
                                                    "total": 42.48936024400564,
                                                    "count": 3025,
                                                    "is_parallel": true,
                                                    "self": 0.23741103900124472,