{
    "name": "root",
    "metadata": {
        "timer_format_version": "0.1.0",
        "start_time_seconds": "1671764585",
        "python_version": "3.9.15 (main, Nov 24 2022, 14:31:59) \n[GCC 11.2.0]",
        "command_line_arguments": "/home/bryanat/anaconda3/envs/Unity1/bin/mlagents-learn Hand.yaml --run-id=HandTrain007",
        "mlagents_version": "0.30.0",
        "mlagents_envs_version": "0.30.0",
        "communication_protocol_version": "1.5.0",
        "pytorch_version": "1.11.0+cu102",
        "numpy_version": "1.21.2",
        "end_time_seconds": "1671764608"
    },
    "total": 23.723976343000686,
    "count": 1,
    "self": 0.0078002039990678895,
    "children": {
        "run_training.setup": {
            "total": 0.013711788000364322,
            "count": 1,
            "self": 0.013711788000364322
        },
        "TrainerController.start_learning": {
            "total": 23.702464351001254,
            "count": 1,
            "self": 0.004704066992417211,
            "children": {
                "TrainerController._reset_env": {
                    "total": 13.525925575999281,
                    "count": 1,
                    "self": 13.525925575999281
                },
                "TrainerController.advance": {
                    "total": 9.97847808601,
                    "count": 167,
                    "self": 0.00438810101695708,
                    "children": {
                        "env_step": {
                            "total": 9.96961415198166,
                            "count": 167,
                            "self": 9.573409540975263,
                            "children": {
                                "SubprocessEnvManager._take_step": {
                                    "total": 0.3937429220168269,
                                    "count": 167,
                                    "self": 0.014470898997387849,
                                    "children": {
                                        "TorchPolicy.evaluate": {
                                            "total": 0.3792720230194391,
                                            "count": 167,
                                            "self": 0.3792720230194391
                                        }
                                    }
                                },
                                "workers": {
                                    "total": 0.002461688989569666,
                                    "count": 166,
                                    "self": 0.0,
                                    "children": {
                                        "worker_root": {
                                            "total": 17.305263618971367,
                                            "count": 166,
                                            "is_parallel": true,
                                            "self": 14.18782300397288,
                                            "children": {
                                                "run_training.setup": {
                                                    "total": 0.0,
                                                    "count": 0,
                                                    "is_parallel": true,
                                                    "self": 0.0,
                                                    "children": {
                                                        "steps_from_proto": {
                                                            "total": 0.0007365649980783928,
                                                            "count": 1,
                                                            "is_parallel": true,
                                                            "self": 0.0003428799973335117,
                                                            "children": {
                                                                "_process_rank_one_or_two_observation": {
                                                                    "total": 0.0003936850007448811,
                                                                    "count": 2,
                                                                    "is_parallel": true,
                                                                    "self": 0.0003936850007448811
                                                                }
                                                            }
                                                        },
                                                        "UnityEnvironment.step": {
                                                            "total": 0.03042622599969036,
                                                            "count": 1,
                                                            "is_parallel": true,
                                                            "self": 0.00012588900062837638,
                                                            "children": {
                                                                "UnityEnvironment._generate_step_input": {
                                                                    "total": 0.00014086200098972768,
                                                                    "count": 1,
                                                                    "is_parallel": true,
                                                                    "self": 0.00014086200098972768
                                                                },
                                                                "communicator.exchange": {
                                                                    "total": 0.029803262998029822,
                                                                    "count": 1,
                                                                    "is_parallel": true,
                                                                    "self": 0.029803262998029822
                                                                },
                                                                "steps_from_proto": {
                                                                    "total": 0.0003562120000424329,
                                                                    "count": 1,
                                                                    "is_parallel": true,
                                                                    "self": 0.0001999300002353266,
                                                                    "children": {
                                                                        "_process_rank_one_or_two_observation": {
                                                                            "total": 0.00015628199980710633,
                                                                            "count": 2,
                                                                            "is_parallel": true,
                                                                            "self": 0.00015628199980710633
                                                                        }
                                                                    }
                                                                }
                                                            }
                                                        }
                                                    }
                                                },
                                                "UnityEnvironment.step": {
                                                    "total": 3.117440614998486,
                                                    "count": 165,
                                                    "is_parallel": true,
                                                    "self": 0.01869441495000501,