{
    "name": "root",
    "metadata": {
        "timer_format_version": "0.1.0",
        "start_time_seconds": "1671829953",
        "python_version": "3.8.15 (default, Nov 24 2022, 15:19:38) \n[GCC 11.2.0]",
        "command_line_arguments": "/home/yueqi/anaconda3/envs/unity-drl/bin/mlagents-learn Hand.yaml --run-id=hand1512",
        "mlagents_version": "0.31.0.dev0",
        "mlagents_envs_version": "0.31.0.dev0",
        "communication_protocol_version": "1.5.0",
        "pytorch_version": "1.8.1+cu102",
        "numpy_version": "1.21.2",
        "end_time_seconds": "1671830080"
    },
    "total": 127.8330118949998,
    "count": 1,
    "self": 0.006325782000203617,
    "children": {
        "run_training.setup": {
            "total": 0.01445965399943816,
            "count": 1,
            "self": 0.01445965399943816
        },
        "TrainerController.start_learning": {
            "total": 127.81222645900016,
            "count": 1,
            "self": 0.21486266194733616,
            "children": {
                "TrainerController._reset_env": {
                    "total": 6.2930141699998785,
                    "count": 1,
                    "self": 6.2930141699998785
                },
                "TrainerController.advance": {
                    "total": 120.99568904905209,
                    "count": 8974,
                    "self": 0.19352015408185252,
                    "children": {
                        "env_step": {
                            "total": 120.03300855495945,
                            "count": 8974,
                            "self": 103.63987743295183,
                            "children": {
                                "SubprocessEnvManager._take_step": {
                                    "total": 16.266538588084586,
                                    "count": 8974,
                                    "self": 0.4760411459974421,
                                    "children": {
                                        "TorchPolicy.evaluate": {
                                            "total": 15.790497442087144,
                                            "count": 8974,
                                            "self": 15.790497442087144
                                        }
                                    }
                                },
                                "workers": {
                                    "total": 0.12659253392303071,
                                    "count": 8973,
                                    "self": 0.0,
                                    "children": {
                                        "worker_root": {
                                            "total": 67.06181043706965,
                                            "count": 8973,
                                            "is_parallel": true,
                                            "self": 31.417010548155304,
                                            "children": {
                                                "run_training.setup": {
                                                    "total": 0.0,
                                                    "count": 0,
                                                    "is_parallel": true,
                                                    "self": 0.0,
                                                    "children": {
                                                        "steps_from_proto": {
                                                            "total": 0.005787351999970269,
                                                            "count": 1,
                                                            "is_parallel": true,
                                                            "self": 0.0012121629988541827,
                                                            "children": {
                                                                "_process_rank_one_or_two_observation": {
                                                                    "total": 0.004575189001116087,
                                                                    "count": 2,
                                                                    "is_parallel": true,
                                                                    "self": 0.004575189001116087
                                                                }
                                                            }
                                                        },
                                                        "UnityEnvironment.step": {
                                                            "total": 0.030996547000540886,
                                                            "count": 1,
                                                            "is_parallel": true,
                                                            "self": 0.0001751609997882042,
                                                            "children": {
                                                                "UnityEnvironment._generate_step_input": {
                                                                    "total": 0.00043025999912060797,
                                                                    "count": 1,
                                                                    "is_parallel": true,
                                                                    "self": 0.00043025999912060797
                                                                },
                                                                "communicator.exchange": {
                                                                    "total": 0.029737425000348594,
                                                                    "count": 1,
                                                                    "is_parallel": true,
                                                                    "self": 0.029737425000348594
                                                                },
                                                                "steps_from_proto": {
                                                                    "total": 0.0006537010012834799,
                                                                    "count": 1,
                                                                    "is_parallel": true,
                                                                    "self": 0.0003554400009306846,
                                                                    "children": {
                                                                        "_process_rank_one_or_two_observation": {
                                                                            "total": 0.00029826100035279524,
                                                                            "count": 2,
                                                                            "is_parallel": true,
                                                                            "self": 0.00029826100035279524
                                                                        }
                                                                    }
                                                                }
                                                            }
                                                        }
                                                    }
                                                },
                                                "UnityEnvironment.step": {
                                                    "total": 35.64479988891435,
                                                    "count": 8972,
                                                    "is_parallel": true,
                                                    "self": 0.7995632871752605,