{
    "name": "root",
    "metadata": {
        "timer_format_version": "0.1.0",
        "start_time_seconds": "1671920901",
        "python_version": "3.8.15 (default, Nov 24 2022, 15:19:38) \n[GCC 11.2.0]",
        "command_line_arguments": "/home/yueqi/anaconda3/envs/unity-drl/bin/mlagents-learn Hand.yaml --run-id=1628",
        "mlagents_version": "0.31.0.dev0",
        "mlagents_envs_version": "0.31.0.dev0",
        "communication_protocol_version": "1.5.0",
        "pytorch_version": "1.8.1+cu102",
        "numpy_version": "1.21.2",
        "end_time_seconds": "1671920978"
    },
    "total": 77.17122151000058,
    "count": 1,
    "self": 0.0032421670002804603,
    "children": {
        "run_training.setup": {
            "total": 0.007215509000161546,
            "count": 1,
            "self": 0.007215509000161546
        },
        "TrainerController.start_learning": {
            "total": 77.16076383400014,
            "count": 1,
            "self": 0.037285400980181294,
            "children": {
                "TrainerController._reset_env": {
                    "total": 5.2418395839995355,
                    "count": 1,
                    "self": 5.2418395839995355
                },
                "TrainerController.advance": {
                    "total": 71.79955822302054,
                    "count": 2531,
                    "self": 0.0321431990041674,
                    "children": {
                        "env_step": {
                            "total": 71.63518038699567,
                            "count": 2531,
                            "self": 68.85988326996812,
                            "children": {
                                "SubprocessEnvManager._take_step": {
                                    "total": 2.7540112570313795,
                                    "count": 2531,
                                    "self": 0.08863202702741546,
                                    "children": {
                                        "TorchPolicy.evaluate": {
                                            "total": 2.665379230003964,
                                            "count": 2531,
                                            "self": 2.665379230003964
                                        }
                                    }
                                },
                                "workers": {
                                    "total": 0.021285859996169165,
                                    "count": 2530,
                                    "self": 0.0,
                                    "children": {
                                        "worker_root": {
                                            "total": 16.961471915013135,
                                            "count": 2530,
                                            "is_parallel": true,
                                            "self": 9.540897555994889,
                                            "children": {
                                                "run_training.setup": {
                                                    "total": 0.0,
                                                    "count": 0,
                                                    "is_parallel": true,
                                                    "self": 0.0,
                                                    "children": {
                                                        "steps_from_proto": {
                                                            "total": 0.0005479749997903127,
                                                            "count": 1,
                                                            "is_parallel": true,
                                                            "self": 0.00026324400005250936,
                                                            "children": {
                                                                "_process_rank_one_or_two_observation": {
                                                                    "total": 0.00028473099973780336,
                                                                    "count": 2,
                                                                    "is_parallel": true,
                                                                    "self": 0.00028473099973780336
                                                                }
                                                            }
                                                        },
                                                        "UnityEnvironment.step": {
                                                            "total": 0.015806769999471726,
                                                            "count": 1,
                                                            "is_parallel": true,
                                                            "self": 7.245899996632943e-05,
                                                            "children": {
                                                                "UnityEnvironment._generate_step_input": {
                                                                    "total": 0.00010106799982168013,
                                                                    "count": 1,
                                                                    "is_parallel": true,
                                                                    "self": 0.00010106799982168013
                                                                },
                                                                "communicator.exchange": {
                                                                    "total": 0.01538841300043714,
                                                                    "count": 1,
                                                                    "is_parallel": true,
                                                                    "self": 0.01538841300043714
                                                                },
                                                                "steps_from_proto": {
                                                                    "total": 0.00024482999924657634,
                                                                    "count": 1,
                                                                    "is_parallel": true,
                                                                    "self": 0.00014832999931968516,
                                                                    "children": {
                                                                        "_process_rank_one_or_two_observation": {
                                                                            "total": 9.649999992689118e-05,
                                                                            "count": 2,
                                                                            "is_parallel": true,
                                                                            "self": 9.649999992689118e-05
                                                                        }
                                                                    }
                                                                }
                                                            }
                                                        }
                                                    }
                                                },
                                                "UnityEnvironment.step": {
                                                    "total": 7.4205743590182465,
                                                    "count": 2529,
                                                    "is_parallel": true,
                                                    "self": 0.14415096604352584,