{
    "name": "root",
    "gauges": {
        "Hand.Policy.Entropy.mean": {
            "value": 3.2105941772460938,
            "min": 3.2088568210601807,
            "max": 3.2105941772460938,
            "count": 3
        },
        "Hand.Policy.Entropy.sum": {
            "value": 3210.59423828125,
            "min": 3208.85693359375,
            "max": 3210.59423828125,
            "count": 3
        },
        "Hand.Environment.EpisodeLength.mean": {
            "value": 199.0,
            "min": 199.0,
            "max": 199.0,
            "count": 3
        },
        "Hand.Environment.EpisodeLength.sum": {
            "value": 995.0,
            "min": 995.0,
            "max": 995.0,
            "count": 3
        },
        "Hand.Step.mean": {
            "value": 2800.0,
            "min": 800.0,
            "max": 2800.0,
            "count": 3
        },
        "Hand.Step.sum": {
            "value": 2800.0,
            "min": 800.0,
            "max": 2800.0,
            "count": 3
        },
        "Hand.Policy.ExtrinsicValueEstimate.mean": {
            "value": 0.050429411232471466,
            "min": 0.01798056997358799,
            "max": 0.050429411232471466,
            "count": 3
        },
        "Hand.Policy.ExtrinsicValueEstimate.sum": {
            "value": 0.25214704871177673,
            "min": 0.07192227989435196,
            "max": 0.25214704871177673,
            "count": 3
        },
        "Hand.Environment.CumulativeReward.mean": {
            "value": 2.6026031732559205,
            "min": 1.101222610473633,
            "max": 4.208675861358643,
            "count": 3
        },
        "Hand.Environment.CumulativeReward.sum": {
            "value": 13.013015866279602,
            "min": 5.506113052368164,
            "max": 16.83470344543457,
            "count": 3
        },
        "Hand.Policy.ExtrinsicReward.mean": {
            "value": 2.6026031732559205,
            "min": 1.101222610473633,
            "max": 4.208675861358643,
            "count": 3
        },
        "Hand.Policy.ExtrinsicReward.sum": {
            "value": 13.013015866279602,
            "min": 5.506113052368164,
            "max": 16.83470344543457,
            "count": 3
        },
        "Hand.IsTraining.mean": {
            "value": 1.0,
            "min": 1.0,
            "max": 1.0,
            "count": 3
        },
        "Hand.IsTraining.sum": {
            "value": 1.0,
            "min": 1.0,
            "max": 1.0,
            "count": 3
        }
    },
    "metadata": {
        "timer_format_version": "0.1.0",
        "start_time_seconds": "1671764302",
        "python_version": "3.9.15 (main, Nov 24 2022, 14:31:59) \n[GCC 11.2.0]",
        "command_line_arguments": "/home/bryanat/anaconda3/envs/Unity1/bin/mlagents-learn Hand.yaml --run-id=HandTrain005",
        "mlagents_version": "0.30.0",
        "mlagents_envs_version": "0.30.0",
        "communication_protocol_version": "1.5.0",
        "pytorch_version": "1.11.0+cu102",
        "numpy_version": "1.21.2",
        "end_time_seconds": "1671764397"
    },
    "total": 95.57958625699757,
    "count": 1,
    "self": 0.006564625997270923,
    "children": {
        "run_training.setup": {
            "total": 0.010437984998134198,
            "count": 1,
            "self": 0.010437984998134198
        },
        "TrainerController.start_learning": {
            "total": 95.56258364600217,
            "count": 1,
            "self": 0.08457472998270532,
            "children": {
                "TrainerController._reset_env": {
                    "total": 7.851145111002552,
                    "count": 1,
                    "self": 7.851145111002552
                },
                "TrainerController.advance": {
                    "total": 87.42663463001372,
                    "count": 3274,
                    "self": 0.08456423504685517,
                    "children": {
                        "env_step": {
                            "total": 86.98647079307193,
                            "count": 3274,
                            "self": 79.28561372521654,
                            "children": {
                                "SubprocessEnvManager._take_step": {
                                    "total": 7.646673203798855,
                                    "count": 3274,
                                    "self": 0.2741517545800889,
                                    "children": {
                                        "TorchPolicy.evaluate": {
                                            "total": 7.372521449218766,
                                            "count": 3274,
                                            "self": 7.372521449218766
                                        }
                                    }
                                },
                                "workers": {
                                    "total": 0.05418386405654019,
                                    "count": 3273,
                                    "self": 0.0,
                                    "children": {
                                        "worker_root": {
                                            "total": 91.05290335288373,
                                            "count": 3273,
                                            "is_parallel": true,
                                            "self": 20.290511453884392,
                                            "children": {
                                                "run_training.setup": {
                                                    "total": 0.0,
                                                    "count": 0,
                                                    "is_parallel": true,
                                                    "self": 0.0,
                                                    "children": {
                                                        "steps_from_proto": {
                                                            "total": 0.0009697989989945199,
                                                            "count": 1,
                                                            "is_parallel": true,
                                                            "self": 0.00047315899792010896,
                                                            "children": {
                                                                "_process_rank_one_or_two_observation": {
                                                                    "total": 0.000496640001074411,
                                                                    "count": 2,
                                                                    "is_parallel": true,
                                                                    "self": 0.000496640001074411
                                                                }
                                                            }
                                                        },
                                                        "UnityEnvironment.step": {
                                                            "total": 0.03401727600066806,
                                                            "count": 1,
                                                            "is_parallel": true,
                                                            "self": 0.00012180400153738447,
                                                            "children": {
                                                                "UnityEnvironment._generate_step_input": {
                                                                    "total": 0.00013093200323055498,
                                                                    "count": 1,
                                                                    "is_parallel": true,