{
    "name": "root",
    "metadata": {
        "timer_format_version": "0.1.0",
        "start_time_seconds": "1671947983",
        "python_version": "3.8.15 (default, Nov 24 2022, 15:19:38) \n[GCC 11.2.0]",
        "command_line_arguments": "/home/yueqi/anaconda3/envs/unity-drl/bin/mlagents-learn Hand.yaml --run-id=2359",
        "mlagents_version": "0.31.0.dev0",
        "mlagents_envs_version": "0.31.0.dev0",
        "communication_protocol_version": "1.5.0",
        "pytorch_version": "1.8.1+cu102",
        "numpy_version": "1.21.2",
        "end_time_seconds": "1671948069"
    },
    "total": 85.79651132900108,
    "count": 1,
    "self": 0.00409771800332237,
    "children": {
        "run_training.setup": {
            "total": 0.007987504999618977,
            "count": 1,
            "self": 0.007987504999618977
        },
        "TrainerController.start_learning": {
            "total": 85.78442610599814,
            "count": 1,
            "self": 0.07130398003209848,
            "children": {
                "TrainerController._reset_env": {
                    "total": 5.356832535999274,
                    "count": 1,
                    "self": 5.356832535999274
                },
                "TrainerController.advance": {
                    "total": 80.26436774296599,
                    "count": 3097,
                    "self": 0.062240002960606944,
                    "children": {
                        "env_step": {
                            "total": 79.95422951392175,
                            "count": 3097,
                            "self": 74.63125220411894,
                            "children": {
                                "SubprocessEnvManager._take_step": {
                                    "total": 5.283718643888278,
                                    "count": 3097,
                                    "self": 0.14869073889349238,
                                    "children": {
                                        "TorchPolicy.evaluate": {
                                            "total": 5.135027904994786,
                                            "count": 3097,
                                            "self": 5.135027904994786
                                        }
                                    }
                                },
                                "workers": {
                                    "total": 0.039258665914530866,
                                    "count": 3096,
                                    "self": 0.0,
                                    "children": {
                                        "worker_root": {
                                            "total": 25.513155830925825,
                                            "count": 3096,
                                            "is_parallel": true,
                                            "self": 13.477234991816658,
                                            "children": {
                                                "run_training.setup": {
                                                    "total": 0.0,
                                                    "count": 0,
                                                    "is_parallel": true,
                                                    "self": 0.0,
                                                    "children": {
                                                        "steps_from_proto": {
                                                            "total": 0.0013217529995017685,
                                                            "count": 1,
                                                            "is_parallel": true,
                                                            "self": 0.0005753689983976074,
                                                            "children": {
                                                                "_process_rank_one_or_two_observation": {
                                                                    "total": 0.0007463840011041611,
                                                                    "count": 2,
                                                                    "is_parallel": true,
                                                                    "self": 0.0007463840011041611
                                                                }
                                                            }
                                                        },
                                                        "UnityEnvironment.step": {
                                                            "total": 0.033406485003069974,
                                                            "count": 1,
                                                            "is_parallel": true,
                                                            "self": 0.00014786199972149916,
                                                            "children": {
                                                                "UnityEnvironment._generate_step_input": {
                                                                    "total": 0.00025925000227289274,
                                                                    "count": 1,
                                                                    "is_parallel": true,
                                                                    "self": 0.00025925000227289274
                                                                },
                                                                "communicator.exchange": {
                                                                    "total": 0.03256150399829494,
                                                                    "count": 1,
                                                                    "is_parallel": true,
                                                                    "self": 0.03256150399829494
                                                                },
                                                                "steps_from_proto": {
                                                                    "total": 0.0004378690027806442,
                                                                    "count": 1,
                                                                    "is_parallel": true,
                                                                    "self": 0.00023257000430021435,
                                                                    "children": {
                                                                        "_process_rank_one_or_two_observation": {
                                                                            "total": 0.00020529899848042987,
                                                                            "count": 2,
                                                                            "is_parallel": true,
                                                                            "self": 0.00020529899848042987
                                                                        }
                                                                    }
                                                                }
                                                            }
                                                        }
                                                    }
                                                },
                                                "UnityEnvironment.step": {
                                                    "total": 12.035920839109167,
                                                    "count": 3095,
                                                    "is_parallel": true,
                                                    "self": 0.2597758340743894,