{
    "name": "root",
    "metadata": {
        "timer_format_version": "0.1.0",
        "start_time_seconds": "1671919527",
        "python_version": "3.8.15 (default, Nov 24 2022, 15:19:38) \n[GCC 11.2.0]",
        "command_line_arguments": "/home/yueqi/anaconda3/envs/unity-drl/bin/mlagents-learn Hand.yaml --run-id=1605",
        "mlagents_version": "0.31.0.dev0",
        "mlagents_envs_version": "0.31.0.dev0",
        "communication_protocol_version": "1.5.0",
        "pytorch_version": "1.8.1+cu102",
        "numpy_version": "1.21.2",
        "end_time_seconds": "1671919611"
    },
    "total": 83.6732800320001,
    "count": 1,
    "self": 0.003409878000184108,
    "children": {
        "run_training.setup": {
            "total": 0.0067071920002490515,
            "count": 1,
            "self": 0.0067071920002490515
        },
        "TrainerController.start_learning": {
            "total": 83.66316296199966,
            "count": 1,
            "self": 0.04921702098363312,
            "children": {
                "TrainerController._reset_env": {
                    "total": 9.37267970999983,
                    "count": 1,
                    "self": 9.37267970999983
                },
                "TrainerController.advance": {
                    "total": 74.15543859401623,
                    "count": 3304,
                    "self": 0.04284552200260805,
                    "children": {
                        "env_step": {
                            "total": 73.92141888400965,
                            "count": 3304,
                            "self": 70.32906224803173,
                            "children": {
                                "SubprocessEnvManager._take_step": {
                                    "total": 3.5635402559883005,
                                    "count": 3304,
                                    "self": 0.11548196997910054,
                                    "children": {
                                        "TorchPolicy.evaluate": {
                                            "total": 3.4480582860092,
                                            "count": 3304,
                                            "self": 3.4480582860092
                                        }
                                    }
                                },
                                "workers": {
                                    "total": 0.028816379989621055,
                                    "count": 3303,
                                    "self": 0.0,
                                    "children": {
                                        "worker_root": {
                                            "total": 23.448709785002393,
                                            "count": 3303,
                                            "is_parallel": true,
                                            "self": 14.965529203010647,
                                            "children": {
                                                "run_training.setup": {
                                                    "total": 0.0,
                                                    "count": 0,
                                                    "is_parallel": true,
                                                    "self": 0.0,
                                                    "children": {
                                                        "steps_from_proto": {
                                                            "total": 0.0005507659998329473,
                                                            "count": 1,
                                                            "is_parallel": true,
                                                            "self": 0.0002769099996839941,
                                                            "children": {
                                                                "_process_rank_one_or_two_observation": {
                                                                    "total": 0.00027385600014895317,
                                                                    "count": 2,
                                                                    "is_parallel": true,
                                                                    "self": 0.00027385600014895317
                                                                }
                                                            }
                                                        },
                                                        "UnityEnvironment.step": {
                                                            "total": 0.014173533999837673,
                                                            "count": 1,
                                                            "is_parallel": true,
                                                            "self": 7.55239998397883e-05,
                                                            "children": {
                                                                "UnityEnvironment._generate_step_input": {
                                                                    "total": 0.00011455000003479654,
                                                                    "count": 1,
                                                                    "is_parallel": true,
                                                                    "self": 0.00011455000003479654
                                                                },
                                                                "communicator.exchange": {
                                                                    "total": 0.013748288999977376,
                                                                    "count": 1,
                                                                    "is_parallel": true,
                                                                    "self": 0.013748288999977376
                                                                },
                                                                "steps_from_proto": {
                                                                    "total": 0.00023517099998571211,
                                                                    "count": 1,
                                                                    "is_parallel": true,
                                                                    "self": 0.00013937700032329303,
                                                                    "children": {
                                                                        "_process_rank_one_or_two_observation": {
                                                                            "total": 9.579399966241908e-05,
                                                                            "count": 2,
                                                                            "is_parallel": true,
                                                                            "self": 9.579399966241908e-05
                                                                        }
                                                                    }
                                                                }
                                                            }
                                                        }
                                                    }
                                                },
                                                "UnityEnvironment.step": {
                                                    "total": 8.483180581991746,
                                                    "count": 3302,
                                                    "is_parallel": true,
                                                    "self": 0.18849036296660415,