{
    "name": "root",
    "metadata": {
        "timer_format_version": "0.1.0",
        "start_time_seconds": "1671920289",
        "python_version": "3.8.15 (default, Nov 24 2022, 15:19:38) \n[GCC 11.2.0]",
        "command_line_arguments": "/home/yueqi/anaconda3/envs/unity-drl/bin/mlagents-learn Hand.yaml --run-id=1618",
        "mlagents_version": "0.31.0.dev0",
        "mlagents_envs_version": "0.31.0.dev0",
        "communication_protocol_version": "1.5.0",
        "pytorch_version": "1.8.1+cu102",
        "numpy_version": "1.21.2",
        "end_time_seconds": "1671920368"
    },
    "total": 79.16061613199963,
    "count": 1,
    "self": 0.0031621070002074703,
    "children": {
        "run_training.setup": {
            "total": 0.018666338000002725,
            "count": 1,
            "self": 0.018666338000002725
        },
        "TrainerController.start_learning": {
            "total": 79.13878768699942,
            "count": 1,
            "self": 0.045526194980084256,
            "children": {
                "TrainerController._reset_env": {
                    "total": 6.297123008000199,
                    "count": 1,
                    "self": 6.297123008000199
                },
                "TrainerController.advance": {
                    "total": 72.71442467001907,
                    "count": 2981,
                    "self": 0.038704110022081295,
                    "children": {
                        "env_step": {
                            "total": 72.53996809699038,
                            "count": 2981,
                            "self": 69.27213972406844,
                            "children": {
                                "SubprocessEnvManager._take_step": {
                                    "total": 3.2414457829672756,
                                    "count": 2981,
                                    "self": 0.10331397998652392,
                                    "children": {
                                        "TorchPolicy.evaluate": {
                                            "total": 3.1381318029807517,
                                            "count": 2981,
                                            "self": 3.1381318029807517
                                        }
                                    }
                                },
                                "workers": {
                                    "total": 0.02638258995466458,
                                    "count": 2980,
                                    "self": 0.0,
                                    "children": {
                                        "worker_root": {
                                            "total": 18.93762246699316,
                                            "count": 2980,
                                            "is_parallel": true,
                                            "self": 11.345527751986083,
                                            "children": {
                                                "run_training.setup": {
                                                    "total": 0.0,
                                                    "count": 0,
                                                    "is_parallel": true,
                                                    "self": 0.0,
                                                    "children": {
                                                        "steps_from_proto": {
                                                            "total": 0.0005530579992409912,
                                                            "count": 1,
                                                            "is_parallel": true,
                                                            "self": 0.0002552329997342895,
                                                            "children": {
                                                                "_process_rank_one_or_two_observation": {
                                                                    "total": 0.0002978249995067017,
                                                                    "count": 2,
                                                                    "is_parallel": true,
                                                                    "self": 0.0002978249995067017
                                                                }
                                                            }
                                                        },
                                                        "UnityEnvironment.step": {
                                                            "total": 0.02292360799947346,
                                                            "count": 1,
                                                            "is_parallel": true,
                                                            "self": 6.79219992889557e-05,
                                                            "children": {
                                                                "UnityEnvironment._generate_step_input": {
                                                                    "total": 0.00010177599961025408,
                                                                    "count": 1,
                                                                    "is_parallel": true,
                                                                    "self": 0.00010177599961025408
                                                                },
                                                                "communicator.exchange": {
                                                                    "total": 0.022535729000082938,
                                                                    "count": 1,
                                                                    "is_parallel": true,
                                                                    "self": 0.022535729000082938
                                                                },
                                                                "steps_from_proto": {
                                                                    "total": 0.00021818100049131317,
                                                                    "count": 1,
                                                                    "is_parallel": true,
                                                                    "self": 0.0001276459997825441,
                                                                    "children": {
                                                                        "_process_rank_one_or_two_observation": {
                                                                            "total": 9.053500070876908e-05,
                                                                            "count": 2,
                                                                            "is_parallel": true,
                                                                            "self": 9.053500070876908e-05
                                                                        }
                                                                    }
                                                                }
                                                            }
                                                        }
                                                    }
                                                },
                                                "UnityEnvironment.step": {
                                                    "total": 7.592094715007079,
                                                    "count": 2979,
                                                    "is_parallel": true,
                                                    "self": 0.16654137708519556,