{
    "name": "root",
    "metadata": {
        "timer_format_version": "0.1.0",
        "start_time_seconds": "1671919938",
        "python_version": "3.8.15 (default, Nov 24 2022, 15:19:38) \n[GCC 11.2.0]",
        "command_line_arguments": "/home/yueqi/anaconda3/envs/unity-drl/bin/mlagents-learn Hand.yaml --run-id=1612",
        "mlagents_version": "0.31.0.dev0",
        "mlagents_envs_version": "0.31.0.dev0",
        "communication_protocol_version": "1.5.0",
        "pytorch_version": "1.8.1+cu102",
        "numpy_version": "1.21.2",
        "end_time_seconds": "1671919983"
    },
    "total": 45.141384620999816,
    "count": 1,
    "self": 0.0031623049999325303,
    "children": {
        "run_training.setup": {
            "total": 0.012561905999973533,
            "count": 1,
            "self": 0.012561905999973533
        },
        "TrainerController.start_learning": {
            "total": 45.12566040999991,
            "count": 1,
            "self": 0.04105836501366866,
            "children": {
                "TrainerController._reset_env": {
                    "total": 9.326289984000141,
                    "count": 1,
                    "self": 9.326289984000141
                },
                "TrainerController.advance": {
                    "total": 35.67206202998614,
                    "count": 2551,
                    "self": 0.03352932997631797,
                    "children": {
                        "env_step": {
                            "total": 35.50090137399957,
                            "count": 2551,
                            "self": 32.729949742991266,
                            "children": {
                                "SubprocessEnvManager._take_step": {
                                    "total": 2.748983741001666,
                                    "count": 2551,
                                    "self": 0.08802415300897337,
                                    "children": {
                                        "TorchPolicy.evaluate": {
                                            "total": 2.660959587992693,
                                            "count": 2551,
                                            "self": 2.660959587992693
                                        }
                                    }
                                },
                                "workers": {
                                    "total": 0.02196789000663557,
                                    "count": 2550,
                                    "self": 0.0,
                                    "children": {
                                        "worker_root": {
                                            "total": 20.46689177299868,
                                            "count": 2550,
                                            "is_parallel": true,
                                            "self": 13.649377330005336,
                                            "children": {
                                                "run_training.setup": {
                                                    "total": 0.0,
                                                    "count": 0,
                                                    "is_parallel": true,
                                                    "self": 0.0,
                                                    "children": {
                                                        "steps_from_proto": {
                                                            "total": 0.0005247909998615796,
                                                            "count": 1,
                                                            "is_parallel": true,
                                                            "self": 0.00025262700000894256,
                                                            "children": {
                                                                "_process_rank_one_or_two_observation": {
                                                                    "total": 0.00027216399985263706,
                                                                    "count": 2,
                                                                    "is_parallel": true,
                                                                    "self": 0.00027216399985263706
                                                                }
                                                            }
                                                        },
                                                        "UnityEnvironment.step": {
                                                            "total": 0.01556733899997198,
                                                            "count": 1,
                                                            "is_parallel": true,
                                                            "self": 7.43639998290746e-05,
                                                            "children": {
                                                                "UnityEnvironment._generate_step_input": {
                                                                    "total": 0.0001048320000336389,
                                                                    "count": 1,
                                                                    "is_parallel": true,
                                                                    "self": 0.0001048320000336389
                                                                },
                                                                "communicator.exchange": {
                                                                    "total": 0.015151217000038741,
                                                                    "count": 1,
                                                                    "is_parallel": true,
                                                                    "self": 0.015151217000038741
                                                                },
                                                                "steps_from_proto": {
                                                                    "total": 0.00023692600007052533,
                                                                    "count": 1,
                                                                    "is_parallel": true,
                                                                    "self": 0.00013921700019636774,
                                                                    "children": {
                                                                        "_process_rank_one_or_two_observation": {
                                                                            "total": 9.77089998741576e-05,
                                                                            "count": 2,
                                                                            "is_parallel": true,
                                                                            "self": 9.77089998741576e-05
                                                                        }
                                                                    }
                                                                }
                                                            }
                                                        }
                                                    }
                                                },
                                                "UnityEnvironment.step": {
                                                    "total": 6.8175144429933425,
                                                    "count": 2549,
                                                    "is_parallel": true,
                                                    "self": 0.1451229030012655,