{
    "name": "root",
    "metadata": {
        "timer_format_version": "0.1.0",
        "start_time_seconds": "1671825294",
        "python_version": "3.8.15 (default, Nov 24 2022, 15:19:38) \n[GCC 11.2.0]",
        "command_line_arguments": "/home/yueqi/anaconda3/envs/unity-drl/bin/mlagents-learn Hand.yaml --run-id=hand1354",
        "mlagents_version": "0.31.0.dev0",
        "mlagents_envs_version": "0.31.0.dev0",
        "communication_protocol_version": "1.5.0",
        "pytorch_version": "1.8.1+cu102",
        "numpy_version": "1.21.2",
        "end_time_seconds": "1671825387"
    },
    "total": 92.80008321699961,
    "count": 1,
    "self": 0.0037444449990289286,
    "children": {
        "run_training.setup": {
            "total": 0.009046410000337346,
            "count": 1,
            "self": 0.009046410000337346
        },
        "TrainerController.start_learning": {
            "total": 92.78729236200024,
            "count": 1,
            "self": 0.08015172701516349,
            "children": {
                "TrainerController._reset_env": {
                    "total": 6.0828385570002865,
                    "count": 1,
                    "self": 6.0828385570002865
                },
                "TrainerController.advance": {
                    "total": 86.4887100839851,
                    "count": 3467,
                    "self": 0.06125744398423194,
                    "children": {
                        "env_step": {
                            "total": 86.14065855500621,
                            "count": 3467,
                            "self": 79.7420809869709,
                            "children": {
                                "SubprocessEnvManager._take_step": {
                                    "total": 6.351499821038033,
                                    "count": 3467,
                                    "self": 0.184795810054311,
                                    "children": {
                                        "TorchPolicy.evaluate": {
                                            "total": 6.166704010983722,
                                            "count": 3467,
                                            "self": 6.166704010983722
                                        }
                                    }
                                },
                                "workers": {
                                    "total": 0.04707774699727452,
                                    "count": 3466,
                                    "self": 0.0,
                                    "children": {
                                        "worker_root": {
                                            "total": 32.44710445601004,
                                            "count": 3466,
                                            "is_parallel": true,
                                            "self": 15.920169798019742,
                                            "children": {
                                                "run_training.setup": {
                                                    "total": 0.0,
                                                    "count": 0,
                                                    "is_parallel": true,
                                                    "self": 0.0,
                                                    "children": {
                                                        "steps_from_proto": {
                                                            "total": 0.0017480879996583099,
                                                            "count": 1,
                                                            "is_parallel": true,
                                                            "self": 0.0008304769994538219,
                                                            "children": {
                                                                "_process_rank_one_or_two_observation": {
                                                                    "total": 0.0009176110002044879,
                                                                    "count": 2,
                                                                    "is_parallel": true,
                                                                    "self": 0.0009176110002044879
                                                                }
                                                            }
                                                        },
                                                        "UnityEnvironment.step": {
                                                            "total": 0.02710351499990793,
                                                            "count": 1,
                                                            "is_parallel": true,
                                                            "self": 0.0002600669999992533,
                                                            "children": {
                                                                "UnityEnvironment._generate_step_input": {
                                                                    "total": 0.00017685200009509572,
                                                                    "count": 1,
                                                                    "is_parallel": true,
                                                                    "self": 0.00017685200009509572
                                                                },
                                                                "communicator.exchange": {
                                                                    "total": 0.025875301999803924,
                                                                    "count": 1,
                                                                    "is_parallel": true,
                                                                    "self": 0.025875301999803924
                                                                },
                                                                "steps_from_proto": {
                                                                    "total": 0.0007912940000096569,
                                                                    "count": 1,
                                                                    "is_parallel": true,
                                                                    "self": 0.00038749700024709455,
                                                                    "children": {
                                                                        "_process_rank_one_or_two_observation": {
                                                                            "total": 0.00040379699976256234,
                                                                            "count": 2,
                                                                            "is_parallel": true,
                                                                            "self": 0.00040379699976256234
                                                                        }
                                                                    }
                                                                }
                                                            }
                                                        }
                                                    }
                                                },
                                                "UnityEnvironment.step": {
                                                    "total": 16.526934657990296,
                                                    "count": 3465,
                                                    "is_parallel": true,
                                                    "self": 0.32694952799602106,