{
    "name": "root",
    "metadata": {
        "timer_format_version": "0.1.0",
        "start_time_seconds": "1671994571",
        "python_version": "3.8.15 (default, Nov 24 2022, 15:19:38) \n[GCC 11.2.0]",
        "command_line_arguments": "/home/yueqi/anaconda3/envs/unity-drl/bin/mlagents-learn Hand.yaml --run-id=1256",
        "mlagents_version": "0.31.0.dev0",
        "mlagents_envs_version": "0.31.0.dev0",
        "communication_protocol_version": "1.5.0",
        "pytorch_version": "1.8.1+cu102",
        "numpy_version": "1.21.2",
        "end_time_seconds": "1671994634"
    },
    "total": 63.02364460100944,
    "count": 1,
    "self": 0.0032567629968980327,
    "children": {
        "run_training.setup": {
            "total": 0.009577898003044538,
            "count": 1,
            "self": 0.009577898003044538
        },
        "TrainerController.start_learning": {
            "total": 63.010809940009494,
            "count": 1,
            "self": 0.07346894516376778,
            "children": {
                "TrainerController._reset_env": {
                    "total": 5.865324058002443,
                    "count": 1,
                    "self": 5.865324058002443
                },
                "TrainerController.advance": {
                    "total": 56.968780818831874,
                    "count": 3321,
                    "self": 0.07028619440097827,
                    "children": {
                        "env_step": {
                            "total": 56.64959161580191,
                            "count": 3321,
                            "self": 50.94787730045209,
                            "children": {
                                "SubprocessEnvManager._take_step": {
                                    "total": 5.658032362043741,
                                    "count": 3321,
                                    "self": 0.1657246113900328,
                                    "children": {
                                        "TorchPolicy.evaluate": {
                                            "total": 5.492307750653708,
                                            "count": 3321,
                                            "self": 5.492307750653708
                                        }
                                    }
                                },
                                "workers": {
                                    "total": 0.04368195330607705,
                                    "count": 3320,
                                    "self": 0.0,
                                    "children": {
                                        "worker_root": {
                                            "total": 26.939235928992275,
                                            "count": 3320,
                                            "is_parallel": true,
                                            "self": 14.575919566632365,
                                            "children": {
                                                "run_training.setup": {
                                                    "total": 0.0,
                                                    "count": 0,
                                                    "is_parallel": true,
                                                    "self": 0.0,
                                                    "children": {
                                                        "steps_from_proto": {
                                                            "total": 0.0005835670017404482,
                                                            "count": 1,
                                                            "is_parallel": true,
                                                            "self": 0.00028046198713127524,
                                                            "children": {
                                                                "_process_rank_one_or_two_observation": {
                                                                    "total": 0.00030310501460917294,
                                                                    "count": 2,
                                                                    "is_parallel": true,
                                                                    "self": 0.00030310501460917294
                                                                }
                                                            }
                                                        },
                                                        "UnityEnvironment.step": {
                                                            "total": 0.0478497080039233,
                                                            "count": 1,
                                                            "is_parallel": true,
                                                            "self": 0.0001489910064265132,
                                                            "children": {
                                                                "UnityEnvironment._generate_step_input": {
                                                                    "total": 0.00011944699508603662,
                                                                    "count": 1,
                                                                    "is_parallel": true,
                                                                    "self": 0.00011944699508603662
                                                                },
                                                                "communicator.exchange": {
                                                                    "total": 0.04706043300393503,
                                                                    "count": 1,
                                                                    "is_parallel": true,
                                                                    "self": 0.04706043300393503
                                                                },
                                                                "steps_from_proto": {
                                                                    "total": 0.0005208369984757155,
                                                                    "count": 1,
                                                                    "is_parallel": true,
                                                                    "self": 0.0002718960022320971,
                                                                    "children": {
                                                                        "_process_rank_one_or_two_observation": {
                                                                            "total": 0.00024894099624361843,
                                                                            "count": 2,
                                                                            "is_parallel": true,
                                                                            "self": 0.00024894099624361843
                                                                        }
                                                                    }
                                                                }
                                                            }
                                                        }
                                                    }
                                                },
                                                "UnityEnvironment.step": {
                                                    "total": 12.36331636235991,
                                                    "count": 3319,
                                                    "is_parallel": true,
                                                    "self": 0.28863333017216064,