{
    "name": "root",
    "metadata": {
        "timer_format_version": "0.1.0",
        "start_time_seconds": "1671768726",
        "python_version": "3.8.15 (default, Nov 24 2022, 15:19:38) \n[GCC 11.2.0]",
        "command_line_arguments": "/home/yueqi/anaconda3/envs/unity-drl/bin/mlagents-learn Hand.yaml --run-id=hand2212",
        "mlagents_version": "0.31.0.dev0",
        "mlagents_envs_version": "0.31.0.dev0",
        "communication_protocol_version": "1.5.0",
        "pytorch_version": "1.8.1+cu102",
        "numpy_version": "1.21.2",
        "end_time_seconds": "1671768827"
    },
    "total": 100.9425439329998,
    "count": 1,
    "self": 0.003701069000271673,
    "children": {
        "run_training.setup": {
            "total": 0.018874262999815983,
            "count": 1,
            "self": 0.018874262999815983
        },
        "TrainerController.start_learning": {
            "total": 100.91996860099971,
            "count": 1,
            "self": 0.13656952301380443,
            "children": {
                "TrainerController._reset_env": {
                    "total": 4.788882308000211,
                    "count": 1,
                    "self": 4.788882308000211
                },
                "TrainerController.advance": {
                    "total": 95.88704662198552,
                    "count": 6961,
                    "self": 0.1235388839636471,
                    "children": {
                        "env_step": {
                            "total": 95.26478953801734,
                            "count": 6961,
                            "self": 85.27123142702476,
                            "children": {
                                "SubprocessEnvManager._take_step": {
                                    "total": 9.914976203000606,
                                    "count": 6961,
                                    "self": 0.3083496539848056,
                                    "children": {
                                        "TorchPolicy.evaluate": {
                                            "total": 9.6066265490158,
                                            "count": 6961,
                                            "self": 9.6066265490158
                                        }
                                    }
                                },
                                "workers": {
                                    "total": 0.07858190799197473,
                                    "count": 6960,
                                    "self": 0.0,
                                    "children": {
                                        "worker_root": {
                                            "total": 40.58348922800997,
                                            "count": 6960,
                                            "is_parallel": true,
                                            "self": 20.105936625020604,
                                            "children": {
                                                "run_training.setup": {
                                                    "total": 0.0,
                                                    "count": 0,
                                                    "is_parallel": true,
                                                    "self": 0.0,
                                                    "children": {
                                                        "steps_from_proto": {
                                                            "total": 0.0006265179999900283,
                                                            "count": 1,
                                                            "is_parallel": true,
                                                            "self": 0.0002887979999286472,
                                                            "children": {
                                                                "_process_rank_one_or_two_observation": {
                                                                    "total": 0.00033772000006138114,
                                                                    "count": 2,
                                                                    "is_parallel": true,
                                                                    "self": 0.00033772000006138114
                                                                }
                                                            }
                                                        },
                                                        "UnityEnvironment.step": {
                                                            "total": 0.017695639000066876,
                                                            "count": 1,
                                                            "is_parallel": true,
                                                            "self": 7.599599985042005e-05,
                                                            "children": {
                                                                "UnityEnvironment._generate_step_input": {
                                                                    "total": 0.00011627000003500143,
                                                                    "count": 1,
                                                                    "is_parallel": true,
                                                                    "self": 0.00011627000003500143
                                                                },
                                                                "communicator.exchange": {
                                                                    "total": 0.0172679170000265,
                                                                    "count": 1,
                                                                    "is_parallel": true,
                                                                    "self": 0.0172679170000265
                                                                },
                                                                "steps_from_proto": {
                                                                    "total": 0.00023545600015495438,
                                                                    "count": 1,
                                                                    "is_parallel": true,
                                                                    "self": 0.00014109600033407332,
                                                                    "children": {
                                                                        "_process_rank_one_or_two_observation": {
                                                                            "total": 9.435999982088106e-05,
                                                                            "count": 2,
                                                                            "is_parallel": true,
                                                                            "self": 9.435999982088106e-05
                                                                        }
                                                                    }
                                                                }
                                                            }
                                                        }
                                                    }
                                                },
                                                "UnityEnvironment.step": {
                                                    "total": 20.477552602989363,
                                                    "count": 6959,
                                                    "is_parallel": true,
                                                    "self": 0.4852628099934009,