{
    "name": "root",
    "metadata": {
        "timer_format_version": "0.1.0",
        "start_time_seconds": "1671761719",
        "python_version": "3.8.15 (default, Nov 24 2022, 15:19:38) \n[GCC 11.2.0]",
        "command_line_arguments": "/home/yueqi/anaconda3/envs/unity-drl/bin/mlagents-learn Hand.yaml --run-id=2015",
        "mlagents_version": "0.31.0.dev0",
        "mlagents_envs_version": "0.31.0.dev0",
        "communication_protocol_version": "1.5.0",
        "pytorch_version": "1.8.1+cu102",
        "numpy_version": "1.21.2",
        "end_time_seconds": "1671761825"
    },
    "total": 106.02531181199993,
    "count": 1,
    "self": 0.0036342039998089604,
    "children": {
        "run_training.setup": {
            "total": 0.016043893999949432,
            "count": 1,
            "self": 0.016043893999949432
        },
        "TrainerController.start_learning": {
            "total": 106.00563371400017,
            "count": 1,
            "self": 0.09021330500240765,
            "children": {
                "TrainerController._reset_env": {
                    "total": 5.4511513340000874,
                    "count": 1,
                    "self": 5.4511513340000874
                },
                "TrainerController.advance": {
                    "total": 100.22758413599763,
                    "count": 4117,
                    "self": 0.0904207570104063,
                    "children": {
                        "env_step": {
                            "total": 99.80858203099842,
                            "count": 4117,
                            "self": 93.84939133899024,
                            "children": {
                                "SubprocessEnvManager._take_step": {
                                    "total": 5.907358681004553,
                                    "count": 4117,
                                    "self": 0.1918194650093028,
                                    "children": {
                                        "TorchPolicy.evaluate": {
                                            "total": 5.71553921599525,
                                            "count": 4117,
                                            "self": 5.71553921599525
                                        }
                                    }
                                },
                                "workers": {
                                    "total": 0.051832011003625666,
                                    "count": 4116,
                                    "self": 0.0,
                                    "children": {
                                        "worker_root": {
                                            "total": 45.55810788299232,
                                            "count": 4116,
                                            "is_parallel": true,
                                            "self": 14.930493540993211,
                                            "children": {
                                                "run_training.setup": {
                                                    "total": 0.0,
                                                    "count": 0,
                                                    "is_parallel": true,
                                                    "self": 0.0,
                                                    "children": {
                                                        "steps_from_proto": {
                                                            "total": 0.0012107689999538707,
                                                            "count": 1,
                                                            "is_parallel": true,
                                                            "self": 0.0008704130002570309,
                                                            "children": {
                                                                "_process_rank_one_or_two_observation": {
                                                                    "total": 0.0003403559996968397,
                                                                    "count": 2,
                                                                    "is_parallel": true,
                                                                    "self": 0.0003403559996968397
                                                                }
                                                            }
                                                        },
                                                        "UnityEnvironment.step": {
                                                            "total": 0.0318087650000507,
                                                            "count": 1,
                                                            "is_parallel": true,
                                                            "self": 0.00012907400014228188,
                                                            "children": {
                                                                "UnityEnvironment._generate_step_input": {
                                                                    "total": 0.0001240449998931581,
                                                                    "count": 1,
                                                                    "is_parallel": true,
                                                                    "self": 0.0001240449998931581
                                                                },
                                                                "communicator.exchange": {
                                                                    "total": 0.03126068899996426,
                                                                    "count": 1,
                                                                    "is_parallel": true,
                                                                    "self": 0.03126068899996426
                                                                },
                                                                "steps_from_proto": {
                                                                    "total": 0.00029495700005099934,
                                                                    "count": 1,
                                                                    "is_parallel": true,
                                                                    "self": 0.00016476500013595796,
                                                                    "children": {
                                                                        "_process_rank_one_or_two_observation": {
                                                                            "total": 0.00013019199991504138,
                                                                            "count": 2,
                                                                            "is_parallel": true,
                                                                            "self": 0.00013019199991504138
                                                                        }
                                                                    }
                                                                }
                                                            }
                                                        }
                                                    }
                                                },
                                                "UnityEnvironment.step": {
                                                    "total": 30.627614341999106,
                                                    "count": 4115,
                                                    "is_parallel": true,
                                                    "self": 0.3499943440053812,