{
    "name": "root",
    "metadata": {
        "timer_format_version": "0.1.0",
        "start_time_seconds": "1671951220",
        "python_version": "3.8.15 (default, Nov 24 2022, 15:19:38) \n[GCC 11.2.0]",
        "command_line_arguments": "/home/yueqi/anaconda3/envs/unity-drl/bin/mlagents-learn Hand.yaml --run-id=0053",
        "mlagents_version": "0.31.0.dev0",
        "mlagents_envs_version": "0.31.0.dev0",
        "communication_protocol_version": "1.5.0",
        "pytorch_version": "1.8.1+cu102",
        "numpy_version": "1.21.2",
        "end_time_seconds": "1671951311"
    },
    "total": 91.25628164299997,
    "count": 1,
    "self": 0.0032510350065422244,
    "children": {
        "run_training.setup": {
            "total": 0.006901827997353394,
            "count": 1,
            "self": 0.006901827997353394
        },
        "TrainerController.start_learning": {
            "total": 91.24612877999607,
            "count": 1,
            "self": 0.07840121704794001,
            "children": {
                "TrainerController._reset_env": {
                    "total": 8.14016352800536,
                    "count": 1,
                    "self": 8.14016352800536
                },
                "TrainerController.advance": {
                    "total": 82.94522685694392,
                    "count": 4911,
                    "self": 0.06246314848976908,
                    "children": {
                        "env_step": {
                            "total": 82.60741773714835,
                            "count": 4911,
                            "self": 76.9740040432589,
                            "children": {
                                "SubprocessEnvManager._take_step": {
                                    "total": 5.588532049005153,
                                    "count": 4911,
                                    "self": 0.1778875562158646,
                                    "children": {
                                        "TorchPolicy.evaluate": {
                                            "total": 5.410644492789288,
                                            "count": 4911,
                                            "self": 5.410644492789288
                                        }
                                    }
                                },
                                "workers": {
                                    "total": 0.04488164488429902,
                                    "count": 4910,
                                    "self": 0.0,
                                    "children": {
                                        "worker_root": {
                                            "total": 30.988634413166437,
                                            "count": 4910,
                                            "is_parallel": true,
                                            "self": 16.91042317107349,
                                            "children": {
                                                "run_training.setup": {
                                                    "total": 0.0,
                                                    "count": 0,
                                                    "is_parallel": true,
                                                    "self": 0.0,
                                                    "children": {
                                                        "steps_from_proto": {
                                                            "total": 0.0006533889973070472,
                                                            "count": 1,
                                                            "is_parallel": true,
                                                            "self": 0.0002492030034773052,
                                                            "children": {
                                                                "_process_rank_one_or_two_observation": {
                                                                    "total": 0.0004041859938297421,
                                                                    "count": 2,
                                                                    "is_parallel": true,
                                                                    "self": 0.0004041859938297421
                                                                }
                                                            }
                                                        },
                                                        "UnityEnvironment.step": {
                                                            "total": 0.029618130000017118,
                                                            "count": 1,
                                                            "is_parallel": true,
                                                            "self": 8.422900282312185e-05,
                                                            "children": {
                                                                "UnityEnvironment._generate_step_input": {
                                                                    "total": 0.00011332499707350507,
                                                                    "count": 1,
                                                                    "is_parallel": true,
                                                                    "self": 0.00011332499707350507
                                                                },
                                                                "communicator.exchange": {
                                                                    "total": 0.0291658930000267,
                                                                    "count": 1,
                                                                    "is_parallel": true,
                                                                    "self": 0.0291658930000267
                                                                },
                                                                "steps_from_proto": {
                                                                    "total": 0.00025468300009379163,
                                                                    "count": 1,
                                                                    "is_parallel": true,
                                                                    "self": 0.0001472690055379644,
                                                                    "children": {
                                                                        "_process_rank_one_or_two_observation": {
                                                                            "total": 0.00010741399455582723,
                                                                            "count": 2,
                                                                            "is_parallel": true,
                                                                            "self": 0.00010741399455582723
                                                                        }
                                                                    }
                                                                }
                                                            }
                                                        }
                                                    }
                                                },
                                                "UnityEnvironment.step": {
                                                    "total": 14.078211242092948,
                                                    "count": 4909,
                                                    "is_parallel": true,
                                                    "self": 0.30085287898691604,