{
    "name": "root",
    "metadata": {
        "timer_format_version": "0.1.0",
        "start_time_seconds": "1671771479",
        "python_version": "3.8.15 (default, Nov 24 2022, 15:19:38) \n[GCC 11.2.0]",
        "command_line_arguments": "/home/yueqi/anaconda3/envs/unity-drl/bin/mlagents-learn Hand.yaml --run-id=2257",
        "mlagents_version": "0.31.0.dev0",
        "mlagents_envs_version": "0.31.0.dev0",
        "communication_protocol_version": "1.5.0",
        "pytorch_version": "1.8.1+cu102",
        "numpy_version": "1.21.2",
        "end_time_seconds": "1671771559"
    },
    "total": 79.23352750600043,
    "count": 1,
    "self": 0.0032148720010809484,
    "children": {
        "run_training.setup": {
            "total": 0.01308611300009943,
            "count": 1,
            "self": 0.01308611300009943
        },
        "TrainerController.start_learning": {
            "total": 79.21722652099925,
            "count": 1,
            "self": 0.03658452096624387,
            "children": {
                "TrainerController._reset_env": {
                    "total": 8.116339475000132,
                    "count": 1,
                    "self": 8.116339475000132
                },
                "TrainerController.advance": {
                    "total": 70.93156231203284,
                    "count": 1807,
                    "self": 0.037118224046025716,
                    "children": {
                        "env_step": {
                            "total": 70.7802292419965,
                            "count": 1807,
                            "self": 68.06883204197584,
                            "children": {
                                "SubprocessEnvManager._take_step": {
                                    "total": 2.6909006879977824,
                                    "count": 1807,
                                    "self": 0.08148465001704608,
                                    "children": {
                                        "TorchPolicy.evaluate": {
                                            "total": 2.6094160379807363,
                                            "count": 1807,
                                            "self": 2.6094160379807363
                                        }
                                    }
                                },
                                "workers": {
                                    "total": 0.020496512022873503,
                                    "count": 1806,
                                    "self": 0.0,
                                    "children": {
                                        "worker_root": {
                                            "total": 18.945025679972787,
                                            "count": 1806,
                                            "is_parallel": true,
                                            "self": 12.296898989977308,
                                            "children": {
                                                "run_training.setup": {
                                                    "total": 0.0,
                                                    "count": 0,
                                                    "is_parallel": true,
                                                    "self": 0.0,
                                                    "children": {
                                                        "steps_from_proto": {
                                                            "total": 0.001046209999913117,
                                                            "count": 1,
                                                            "is_parallel": true,
                                                            "self": 0.0007129089999580174,
                                                            "children": {
                                                                "_process_rank_one_or_two_observation": {
                                                                    "total": 0.00033330099995509954,
                                                                    "count": 2,
                                                                    "is_parallel": true,
                                                                    "self": 0.00033330099995509954
                                                                }
                                                            }
                                                        },
                                                        "UnityEnvironment.step": {
                                                            "total": 0.02333989599992492,
                                                            "count": 1,
                                                            "is_parallel": true,
                                                            "self": 0.00010346700037189294,
                                                            "children": {
                                                                "UnityEnvironment._generate_step_input": {
                                                                    "total": 0.0001597519994902541,
                                                                    "count": 1,
                                                                    "is_parallel": true,
                                                                    "self": 0.0001597519994902541
                                                                },
                                                                "communicator.exchange": {
                                                                    "total": 0.022726424999746087,
                                                                    "count": 1,
                                                                    "is_parallel": true,
                                                                    "self": 0.022726424999746087
                                                                },
                                                                "steps_from_proto": {
                                                                    "total": 0.00035025200031668646,
                                                                    "count": 1,
                                                                    "is_parallel": true,
                                                                    "self": 0.00018877599995903438,
                                                                    "children": {
                                                                        "_process_rank_one_or_two_observation": {
                                                                            "total": 0.00016147600035765208,
                                                                            "count": 2,
                                                                            "is_parallel": true,
                                                                            "self": 0.00016147600035765208
                                                                        }
                                                                    }
                                                                }
                                                            }
                                                        }
                                                    }
                                                },
                                                "UnityEnvironment.step": {
                                                    "total": 6.648126689995479,
                                                    "count": 1805,
                                                    "is_parallel": true,
                                                    "self": 0.13706221899701632,