{
    "name": "root",
    "metadata": {
        "timer_format_version": "0.1.0",
        "start_time_seconds": "1671921816",
        "python_version": "3.8.15 (default, Nov 24 2022, 15:19:38) \n[GCC 11.2.0]",
        "command_line_arguments": "/home/yueqi/anaconda3/envs/unity-drl/bin/mlagents-learn Hand.yaml --run-id=1643",
        "mlagents_version": "0.31.0.dev0",
        "mlagents_envs_version": "0.31.0.dev0",
        "communication_protocol_version": "1.5.0",
        "pytorch_version": "1.8.1+cu102",
        "numpy_version": "1.21.2",
        "end_time_seconds": "1671921894"
    },
    "total": 77.91581511700042,
    "count": 1,
    "self": 0.004308270000365155,
    "children": {
        "run_training.setup": {
            "total": 0.009299608999754128,
            "count": 1,
            "self": 0.009299608999754128
        },
        "TrainerController.start_learning": {
            "total": 77.9022072380003,
            "count": 1,
            "self": 0.014554723009496229,
            "children": {
                "TrainerController._reset_env": {
                    "total": 10.703475898999386,
                    "count": 1,
                    "self": 10.703475898999386
                },
                "TrainerController.advance": {
                    "total": 67.08527920399138,
                    "count": 951,
                    "self": 0.012349084015113476,
                    "children": {
                        "env_step": {
                            "total": 67.05597321597816,
                            "count": 951,
                            "self": 66.01329800993699,
                            "children": {
                                "SubprocessEnvManager._take_step": {
                                    "total": 1.0346244330257832,
                                    "count": 951,
                                    "self": 0.03380355604167562,
                                    "children": {
                                        "TorchPolicy.evaluate": {
                                            "total": 1.0008208769841076,
                                            "count": 951,
                                            "self": 1.0008208769841076
                                        }
                                    }
                                },
                                "workers": {
                                    "total": 0.008050773015384038,
                                    "count": 950,
                                    "self": 0.0,
                                    "children": {
                                        "worker_root": {
                                            "total": 17.722081678003633,
                                            "count": 950,
                                            "is_parallel": true,
                                            "self": 12.329145026016704,
                                            "children": {
                                                "run_training.setup": {
                                                    "total": 0.0,
                                                    "count": 0,
                                                    "is_parallel": true,
                                                    "self": 0.0,
                                                    "children": {
                                                        "steps_from_proto": {
                                                            "total": 0.0005374630000005709,
                                                            "count": 1,
                                                            "is_parallel": true,
                                                            "self": 0.0002640070006236783,
                                                            "children": {
                                                                "_process_rank_one_or_two_observation": {
                                                                    "total": 0.0002734559993768926,
                                                                    "count": 2,
                                                                    "is_parallel": true,
                                                                    "self": 0.0002734559993768926
                                                                }
                                                            }
                                                        },
                                                        "UnityEnvironment.step": {
                                                            "total": 0.022437799999352137,
                                                            "count": 1,
                                                            "is_parallel": true,
                                                            "self": 7.791699954395881e-05,
                                                            "children": {
                                                                "UnityEnvironment._generate_step_input": {
                                                                    "total": 0.00010876499982259702,
                                                                    "count": 1,
                                                                    "is_parallel": true,
                                                                    "self": 0.00010876499982259702
                                                                },
                                                                "communicator.exchange": {
                                                                    "total": 0.022001156999976956,
                                                                    "count": 1,
                                                                    "is_parallel": true,
                                                                    "self": 0.022001156999976956
                                                                },
                                                                "steps_from_proto": {
                                                                    "total": 0.000249961000008625,
                                                                    "count": 1,
                                                                    "is_parallel": true,
                                                                    "self": 0.00015063400041981367,
                                                                    "children": {
                                                                        "_process_rank_one_or_two_observation": {
                                                                            "total": 9.93269995888113e-05,
                                                                            "count": 2,
                                                                            "is_parallel": true,
                                                                            "self": 9.93269995888113e-05
                                                                        }
                                                                    }
                                                                }
                                                            }
                                                        }
                                                    }
                                                },
                                                "UnityEnvironment.step": {
                                                    "total": 5.392936651986929,
                                                    "count": 949,
                                                    "is_parallel": true,
                                                    "self": 0.055917315969963965,