{
    "name": "root",
    "metadata": {
        "timer_format_version": "0.1.0",
        "start_time_seconds": "1671919821",
        "python_version": "3.8.15 (default, Nov 24 2022, 15:19:38) \n[GCC 11.2.0]",
        "command_line_arguments": "/home/yueqi/anaconda3/envs/unity-drl/bin/mlagents-learn Hand.yaml --run-id=1610",
        "mlagents_version": "0.31.0.dev0",
        "mlagents_envs_version": "0.31.0.dev0",
        "communication_protocol_version": "1.5.0",
        "pytorch_version": "1.8.1+cu102",
        "numpy_version": "1.21.2",
        "end_time_seconds": "1671919892"
    },
    "total": 71.21099422999987,
    "count": 1,
    "self": 0.0032795680003800953,
    "children": {
        "run_training.setup": {
            "total": 0.00688737799964656,
            "count": 1,
            "self": 0.00688737799964656
        },
        "TrainerController.start_learning": {
            "total": 71.20082728399984,
            "count": 1,
            "self": 0.024732407994179084,
            "children": {
                "TrainerController._reset_env": {
                    "total": 5.536273328999869,
                    "count": 1,
                    "self": 5.536273328999869
                },
                "TrainerController.advance": {
                    "total": 65.55742317100612,
                    "count": 1617,
                    "self": 0.021847609002179524,
                    "children": {
                        "env_step": {
                            "total": 65.4689036190016,
                            "count": 1617,
                            "self": 63.67143346199646,
                            "children": {
                                "SubprocessEnvManager._take_step": {
                                    "total": 1.783702625000842,
                                    "count": 1617,
                                    "self": 0.05954656501080535,
                                    "children": {
                                        "TorchPolicy.evaluate": {
                                            "total": 1.7241560599900367,
                                            "count": 1617,
                                            "self": 1.7241560599900367
                                        }
                                    }
                                },
                                "workers": {
                                    "total": 0.01376753200429448,
                                    "count": 1616,
                                    "self": 0.0,
                                    "children": {
                                        "worker_root": {
                                            "total": 12.644050807002259,
                                            "count": 1616,
                                            "is_parallel": true,
                                            "self": 8.3115096740039,
                                            "children": {
                                                "run_training.setup": {
                                                    "total": 0.0,
                                                    "count": 0,
                                                    "is_parallel": true,
                                                    "self": 0.0,
                                                    "children": {
                                                        "steps_from_proto": {
                                                            "total": 0.0005340079997040448,
                                                            "count": 1,
                                                            "is_parallel": true,
                                                            "self": 0.00026329699949201313,
                                                            "children": {
                                                                "_process_rank_one_or_two_observation": {
                                                                    "total": 0.00027071100021203165,
                                                                    "count": 2,
                                                                    "is_parallel": true,
                                                                    "self": 0.00027071100021203165
                                                                }
                                                            }
                                                        },
                                                        "UnityEnvironment.step": {
                                                            "total": 0.014346607999868866,
                                                            "count": 1,
                                                            "is_parallel": true,
                                                            "self": 8.186699960788246e-05,
                                                            "children": {
                                                                "UnityEnvironment._generate_step_input": {
                                                                    "total": 0.0001042310000229918,
                                                                    "count": 1,
                                                                    "is_parallel": true,
                                                                    "self": 0.0001042310000229918
                                                                },
                                                                "communicator.exchange": {
                                                                    "total": 0.013900379000006069,
                                                                    "count": 1,
                                                                    "is_parallel": true,
                                                                    "self": 0.013900379000006069
                                                                },
                                                                "steps_from_proto": {
                                                                    "total": 0.00026013100023192237,
                                                                    "count": 1,
                                                                    "is_parallel": true,
                                                                    "self": 0.00014186400039761793,
                                                                    "children": {
                                                                        "_process_rank_one_or_two_observation": {
                                                                            "total": 0.00011826699983430444,
                                                                            "count": 2,
                                                                            "is_parallel": true,
                                                                            "self": 0.00011826699983430444
                                                                        }
                                                                    }
                                                                }
                                                            }
                                                        }
                                                    }
                                                },
                                                "UnityEnvironment.step": {
                                                    "total": 4.332541132998358,
                                                    "count": 1615,
                                                    "is_parallel": true,
                                                    "self": 0.09462574500230403,