{
    "name": "root",
    "gauges": {
        "Packer.Policy.Entropy.mean": {
            "value": 3.493997812271118,
            "min": 3.493997812271118,
            "max": 3.4973206520080566,
            "count": 2
        },
        "Packer.Policy.Entropy.sum": {
            "value": 104840.8984375,
            "min": 104840.8984375,
            "max": 104972.078125,
            "count": 2
        },
        "Packer.Environment.EpisodeLength.mean": {
            "value": 19.651066758430833,
            "min": 19.628865979381445,
            "max": 19.651066758430833,
            "count": 2
        },
        "Packer.Environment.EpisodeLength.sum": {
            "value": 28553.0,
            "min": 28553.0,
            "max": 28560.0,
            "count": 2
        },
        "Packer.Step.mean": {
            "value": 59997.0,
            "min": 29994.0,
            "max": 59997.0,
            "count": 2
        },
        "Packer.Step.sum": {
            "value": 59997.0,
            "min": 29994.0,
            "max": 59997.0,
            "count": 2
        },
        "Packer.Policy.ExtrinsicValueEstimate.mean": {
            "value": -0.5184903740882874,
            "min": -0.5184903740882874,
            "max": -0.14999936521053314,
            "count": 2
        },
        "Packer.Policy.ExtrinsicValueEstimate.sum": {
            "value": -753.3665161132812,
            "min": -753.3665161132812,
            "max": -218.0990753173828,
            "count": 2
        },
        "Packer.Environment.CumulativeReward.mean": {
            "value": -0.40586342203641707,
            "min": -0.5716827038824148,
            "max": -0.40586342203641707,
            "count": 2
        },
        "Packer.Environment.CumulativeReward.sum": {
            "value": -589.719552218914,
            "min": -831.2266514450312,
            "max": -589.719552218914,
            "count": 2
        },
        "Packer.Policy.ExtrinsicReward.mean": {
            "value": -0.40586342203641707,
            "min": -0.5716827038824148,
            "max": -0.40586342203641707,
            "count": 2
        },
        "Packer.Policy.ExtrinsicReward.sum": {
            "value": -589.719552218914,
            "min": -831.2266514450312,
            "max": -589.719552218914,
            "count": 2
        },
        "Packer.Losses.PolicyLoss.mean": {
            "value": 0.01740315145580098,
            "min": 0.016849226688888545,
            "max": 0.01740315145580098,
            "count": 2
        },
        "Packer.Losses.PolicyLoss.sum": {
            "value": 0.01740315145580098,
            "min": 0.016849226688888545,
            "max": 0.01740315145580098,
            "count": 2
        },
        "Packer.Losses.ValueLoss.mean": {
            "value": 0.09844433094064395,
            "min": 0.09844433094064395,
            "max": 0.10796700268983841,
            "count": 2
        },
        "Packer.Losses.ValueLoss.sum": {
            "value": 0.09844433094064395,
            "min": 0.09844433094064395,
            "max": 0.10796700268983841,
            "count": 2
        },
        "Packer.Policy.LearningRate.mean": {
            "value": 0.00029959030013656667,
            "min": 0.00029959030013656667,
            "max": 0.0002997951800682732,
            "count": 2
        },
        "Packer.Policy.LearningRate.sum": {
            "value": 0.00029959030013656667,
            "min": 0.00029959030013656667,
            "max": 0.0002997951800682732,
            "count": 2
        },
        "Packer.Policy.Epsilon.mean": {
            "value": 0.19986343333333334,
            "min": 0.19986343333333334,
            "max": 0.19993172666666667,
            "count": 2
        },
        "Packer.Policy.Epsilon.sum": {
            "value": 0.19986343333333334,
            "min": 0.19986343333333334,
            "max": 0.19993172666666667,
            "count": 2
        },
        "Packer.Policy.Beta.mean": {
            "value": 0.004993185323333334,
            "min": 0.004993185323333334,
            "max": 0.004996593160666666,
            "count": 2
        },
        "Packer.Policy.Beta.sum": {
            "value": 0.004993185323333334,
            "min": 0.004993185323333334,
            "max": 0.004996593160666666,
            "count": 2
        },
        "Packer.IsTraining.mean": {
            "value": 1.0,
            "min": 1.0,
            "max": 1.0,
            "count": 2
        },
        "Packer.IsTraining.sum": {
            "value": 1.0,
            "min": 1.0,
            "max": 1.0,
            "count": 2
        }
    },
    "metadata": {
        "timer_format_version": "0.1.0",
        "start_time_seconds": "1671600145",
        "python_version": "3.8.15 (default, Nov 24 2022, 15:19:38) \n[GCC 11.2.0]",
        "command_line_arguments": "/home/yueqi/anaconda3/envs/unity-drl/bin/mlagents-learn Packer.yaml --run-id=packer001",
        "mlagents_version": "0.31.0.dev0",
        "mlagents_envs_version": "0.31.0.dev0",
        "communication_protocol_version": "1.5.0",
        "pytorch_version": "1.8.1+cu102",
        "numpy_version": "1.21.2",
        "end_time_seconds": "1671600935"
    },
    "total": 790.059241893,
    "count": 1,
    "self": 0.004186434999610356,
    "children": {
        "run_training.setup": {
            "total": 0.009160141000393196,
            "count": 1,
            "self": 0.009160141000393196
        },
        "TrainerController.start_learning": {
            "total": 790.045895317,
            "count": 1,
            "self": 1.4581295499801854,
            "children": {
                "TrainerController._reset_env": {
                    "total": 9.699939673999324,
                    "count": 1,
                    "self": 9.699939673999324
                },
                "TrainerController.advance": {
                    "total": 778.6678792090206,
                    "count": 72393,
                    "self": 1.4532706810923628,
                    "children": {
                        "env_step": {
                            "total": 724.6563836169353,
                            "count": 72393,
                            "self": 600.9463248919355,
                            "children": {
                                "SubprocessEnvManager._take_step": {
                                    "total": 122.81059856989759,
                                    "count": 72393,
                                    "self": 3.406587999754265,
                                    "children": {
                                        "TorchPolicy.evaluate": {
                                            "total": 119.40401057014333,
                                            "count": 69661,
                                            "self": 119.40401057014333
                                        }
                                    }
                                },
                                "workers": {
                                    "total": 0.8994601551021333,
                                    "count": 72392,
                                    "self": 0.0,
                                    "children": {
                                        "worker_root": {
                                            "total": 716.9050435151066,
                                            "count": 72392,
                                            "is_parallel": true,
                                            "self": 242.6680025612468,
                                            "children": {
                                                "run_training.setup": {
                                                    "total": 0.0,
                                                    "count": 0,
                                                    "is_parallel": true,
                                                    "self": 0.0,