{
    "name": "root",
    "metadata": {
        "timer_format_version": "0.1.0",
        "start_time_seconds": "1671768348",
        "python_version": "3.8.15 (default, Nov 24 2022, 15:19:38) \n[GCC 11.2.0]",
        "command_line_arguments": "/home/yueqi/anaconda3/envs/unity-drl/bin/mlagents-learn Hand.yaml --run-id=hand2205",
        "mlagents_version": "0.31.0.dev0",
        "mlagents_envs_version": "0.31.0.dev0",
        "communication_protocol_version": "1.5.0",
        "pytorch_version": "1.8.1+cu102",
        "numpy_version": "1.21.2",
        "end_time_seconds": "1671768405"
    },
    "total": 56.898811959999875,
    "count": 1,
    "self": 0.00313373299968589,
    "children": {
        "run_training.setup": {
            "total": 0.006565306000084092,
            "count": 1,
            "self": 0.006565306000084092
        },
        "TrainerController.start_learning": {
            "total": 56.889112921000105,
            "count": 1,
            "self": 0.10453466001308698,
            "children": {
                "TrainerController._reset_env": {
                    "total": 7.8707061229997635,
                    "count": 1,
                    "self": 7.8707061229997635
                },
                "TrainerController.advance": {
                    "total": 48.80748669698687,
                    "count": 5003,
                    "self": 0.08568948599531723,
                    "children": {
                        "env_step": {
                            "total": 48.345313937980336,
                            "count": 5003,
                            "self": 41.27299820095641,
                            "children": {
                                "SubprocessEnvManager._take_step": {
                                    "total": 7.016547425008412,
                                    "count": 5003,
                                    "self": 0.21835509899119643,
                                    "children": {
                                        "TorchPolicy.evaluate": {
                                            "total": 6.798192326017215,
                                            "count": 5001,
                                            "self": 6.798192326017215
                                        }
                                    }
                                },
                                "workers": {
                                    "total": 0.05576831201551613,
                                    "count": 5002,
                                    "self": 0.0,
                                    "children": {
                                        "worker_root": {
                                            "total": 54.08421821000866,
                                            "count": 5002,
                                            "is_parallel": true,
                                            "self": 18.83126849300379,
                                            "children": {
                                                "run_training.setup": {
                                                    "total": 0.0,
                                                    "count": 0,
                                                    "is_parallel": true,
                                                    "self": 0.0,
                                                    "children": {
                                                        "steps_from_proto": {
                                                            "total": 0.0007160430000112683,
                                                            "count": 1,
                                                            "is_parallel": true,
                                                            "self": 0.0004007630000160134,
                                                            "children": {
                                                                "_process_rank_one_or_two_observation": {
                                                                    "total": 0.0003152799999952549,
                                                                    "count": 2,
                                                                    "is_parallel": true,
                                                                    "self": 0.0003152799999952549
                                                                }
                                                            }
                                                        },
                                                        "UnityEnvironment.step": {
                                                            "total": 0.019871505000082834,
                                                            "count": 1,
                                                            "is_parallel": true,
                                                            "self": 9.761599994817516e-05,
                                                            "children": {
                                                                "UnityEnvironment._generate_step_input": {
                                                                    "total": 0.00023254300003827666,
                                                                    "count": 1,
                                                                    "is_parallel": true,
                                                                    "self": 0.00023254300003827666
                                                                },
                                                                "communicator.exchange": {
                                                                    "total": 0.01927957799989599,
                                                                    "count": 1,
                                                                    "is_parallel": true,
                                                                    "self": 0.01927957799989599
                                                                },
                                                                "steps_from_proto": {
                                                                    "total": 0.0002617680002003908,
                                                                    "count": 1,
                                                                    "is_parallel": true,
                                                                    "self": 0.00014919299974280875,
                                                                    "children": {
                                                                        "_process_rank_one_or_two_observation": {
                                                                            "total": 0.00011257500045758206,
                                                                            "count": 2,
                                                                            "is_parallel": true,
                                                                            "self": 0.00011257500045758206
                                                                        }
                                                                    }
                                                                }
                                                            }
                                                        }
                                                    }
                                                },
                                                "UnityEnvironment.step": {
                                                    "total": 35.25294971700487,
                                                    "count": 5001,
                                                    "is_parallel": true,
                                                    "self": 0.3546752530392041,