{
    "name": "root",
    "metadata": {
        "timer_format_version": "0.1.0",
        "start_time_seconds": "1671757594",
        "python_version": "3.8.15 (default, Nov 24 2022, 15:19:38) \n[GCC 11.2.0]",
        "command_line_arguments": "/home/yueqi/anaconda3/envs/unity-drl/bin/mlagents-learn Hand.yaml --run-id=hand008",
        "mlagents_version": "0.31.0.dev0",
        "mlagents_envs_version": "0.31.0.dev0",
        "communication_protocol_version": "1.5.0",
        "pytorch_version": "1.8.1+cu102",
        "numpy_version": "1.21.2",
        "end_time_seconds": "1671757664"
    },
    "total": 69.27047007200235,
    "count": 1,
    "self": 0.003953000003093621,
    "children": {
        "run_training.setup": {
            "total": 0.008845860000292305,
            "count": 1,
            "self": 0.008845860000292305
        },
        "TrainerController.start_learning": {
            "total": 69.25767121199897,
            "count": 1,
            "self": 0.0035557370028982405,
            "children": {
                "TrainerController._reset_env": {
                    "total": 6.541698793000251,
                    "count": 1,
                    "self": 6.541698793000251
                },
                "TrainerController.advance": {
                    "total": 62.547502391997114,
                    "count": 151,
                    "self": 0.0037877520080655813,
                    "children": {
                        "env_step": {
                            "total": 62.538784975986346,
                            "count": 151,
                            "self": 62.2795528749848,
                            "children": {
                                "SubprocessEnvManager._take_step": {
                                    "total": 0.25716392898902996,
                                    "count": 151,
                                    "self": 0.007952375992317684,
                                    "children": {
                                        "TorchPolicy.evaluate": {
                                            "total": 0.24921155299671227,
                                            "count": 151,
                                            "self": 0.24921155299671227
                                        }
                                    }
                                },
                                "workers": {
                                    "total": 0.002068172012513969,
                                    "count": 150,
                                    "self": 0.0,
                                    "children": {
                                        "worker_root": {
                                            "total": 8.986587861982116,
                                            "count": 150,
                                            "is_parallel": true,
                                            "self": 6.988881629957177,
                                            "children": {
                                                "run_training.setup": {
                                                    "total": 0.0,
                                                    "count": 0,
                                                    "is_parallel": true,
                                                    "self": 0.0,
                                                    "children": {
                                                        "steps_from_proto": {
                                                            "total": 0.0035448399976303335,
                                                            "count": 1,
                                                            "is_parallel": true,
                                                            "self": 0.000643176997982664,
                                                            "children": {
                                                                "_process_rank_one_or_two_observation": {
                                                                    "total": 0.0029016629996476695,
                                                                    "count": 2,
                                                                    "is_parallel": true,
                                                                    "self": 0.0029016629996476695
                                                                }
                                                            }
                                                        },
                                                        "UnityEnvironment.step": {
                                                            "total": 0.045769184001983376,
                                                            "count": 1,
                                                            "is_parallel": true,
                                                            "self": 9.659200441092253e-05,
                                                            "children": {
                                                                "UnityEnvironment._generate_step_input": {
                                                                    "total": 0.00027957799829891883,
                                                                    "count": 1,
                                                                    "is_parallel": true,
                                                                    "self": 0.00027957799829891883
                                                                },
                                                                "communicator.exchange": {
                                                                    "total": 0.045123841999156866,
                                                                    "count": 1,
                                                                    "is_parallel": true,
                                                                    "self": 0.045123841999156866
                                                                },
                                                                "steps_from_proto": {
                                                                    "total": 0.00026917200011666864,
                                                                    "count": 1,
                                                                    "is_parallel": true,
                                                                    "self": 0.00015651700232410803,
                                                                    "children": {
                                                                        "_process_rank_one_or_two_observation": {
                                                                            "total": 0.00011265499779256061,
                                                                            "count": 2,
                                                                            "is_parallel": true,
                                                                            "self": 0.00011265499779256061
                                                                        }
                                                                    }
                                                                }
                                                            }
                                                        }
                                                    }
                                                },
                                                "UnityEnvironment.step": {
                                                    "total": 1.9977062320249388,
                                                    "count": 149,
                                                    "is_parallel": true,
                                                    "self": 0.015375054012110922,