{
    "name": "root",
    "metadata": {
        "timer_format_version": "0.1.0",
        "start_time_seconds": "1671745685",
        "python_version": "3.8.15 (default, Nov 24 2022, 15:19:38) \n[GCC 11.2.0]",
        "command_line_arguments": "/home/yueqi/anaconda3/envs/unity-drl/bin/mlagents-learn Hand.yaml --run-id=hand001",
        "mlagents_version": "0.31.0.dev0",
        "mlagents_envs_version": "0.31.0.dev0",
        "communication_protocol_version": "1.5.0",
        "pytorch_version": "1.8.1+cu102",
        "numpy_version": "1.21.2",
        "end_time_seconds": "1671745771"
    },
    "total": 86.24261956299961,
    "count": 1,
    "self": 0.004522020999502274,
    "children": {
        "run_training.setup": {
            "total": 0.012788013000317733,
            "count": 1,
            "self": 0.012788013000317733
        },
        "TrainerController.start_learning": {
            "total": 86.22530952899979,
            "count": 1,
            "self": 0.08315593797578913,
            "children": {
                "TrainerController._reset_env": {
                    "total": 5.039460427000449,
                    "count": 1,
                    "self": 5.039460427000449
                },
                "TrainerController.advance": {
                    "total": 80.98879181602297,
                    "count": 3471,
                    "self": 0.07656719402348244,
                    "children": {
                        "env_step": {
                            "total": 80.64925978300744,
                            "count": 3471,
                            "self": 76.44524092998836,
                            "children": {
                                "SubprocessEnvManager._take_step": {
                                    "total": 4.158382790014912,
                                    "count": 3471,
                                    "self": 0.16497625801093818,
                                    "children": {
                                        "TorchPolicy.evaluate": {
                                            "total": 3.9934065320039736,
                                            "count": 3471,
                                            "self": 3.9934065320039736
                                        }
                                    }
                                },
                                "workers": {
                                    "total": 0.04563606300416723,
                                    "count": 3470,
                                    "self": 0.0,
                                    "children": {
                                        "worker_root": {
                                            "total": 25.92547148799713,
                                            "count": 3470,
                                            "is_parallel": true,
                                            "self": 12.310511270010466,
                                            "children": {
                                                "run_training.setup": {
                                                    "total": 0.0,
                                                    "count": 0,
                                                    "is_parallel": true,
                                                    "self": 0.0,
                                                    "children": {
                                                        "steps_from_proto": {
                                                            "total": 0.001258420999874943,
                                                            "count": 1,
                                                            "is_parallel": true,
                                                            "self": 0.0007750410004518926,
                                                            "children": {
                                                                "_process_rank_one_or_two_observation": {
                                                                    "total": 0.0004833799994230503,
                                                                    "count": 2,
                                                                    "is_parallel": true,
                                                                    "self": 0.0004833799994230503
                                                                }
                                                            }
                                                        },
                                                        "UnityEnvironment.step": {
                                                            "total": 0.028856805000032182,
                                                            "count": 1,
                                                            "is_parallel": true,
                                                            "self": 0.0001231320011356729,
                                                            "children": {
                                                                "UnityEnvironment._generate_step_input": {
                                                                    "total": 0.000309052999909909,
                                                                    "count": 1,
                                                                    "is_parallel": true,
                                                                    "self": 0.000309052999909909
                                                                },
                                                                "communicator.exchange": {
                                                                    "total": 0.02816124399942055,
                                                                    "count": 1,
                                                                    "is_parallel": true,
                                                                    "self": 0.02816124399942055
                                                                },
                                                                "steps_from_proto": {
                                                                    "total": 0.0002633759995660512,
                                                                    "count": 1,
                                                                    "is_parallel": true,
                                                                    "self": 0.00014904499948897865,
                                                                    "children": {
                                                                        "_process_rank_one_or_two_observation": {
                                                                            "total": 0.00011433100007707253,
                                                                            "count": 2,
                                                                            "is_parallel": true,
                                                                            "self": 0.00011433100007707253
                                                                        }
                                                                    }
                                                                }
                                                            }
                                                        }
                                                    }
                                                },
                                                "UnityEnvironment.step": {
                                                    "total": 13.614960217986663,
                                                    "count": 3469,
                                                    "is_parallel": true,
                                                    "self": 0.30459597096250945,