{
    "name": "root",
    "metadata": {
        "timer_format_version": "0.1.0",
        "start_time_seconds": "1671949324",
        "python_version": "3.8.15 (default, Nov 24 2022, 15:19:38) \n[GCC 11.2.0]",
        "command_line_arguments": "/home/yueqi/anaconda3/envs/unity-drl/bin/mlagents-learn Hand.yaml --run-id=0022",
        "mlagents_version": "0.31.0.dev0",
        "mlagents_envs_version": "0.31.0.dev0",
        "communication_protocol_version": "1.5.0",
        "pytorch_version": "1.8.1+cu102",
        "numpy_version": "1.21.2",
        "end_time_seconds": "1671949490"
    },
    "total": 165.89840113600076,
    "count": 1,
    "self": 0.004925162000290584,
    "children": {
        "run_training.setup": {
            "total": 0.023109394998755306,
            "count": 1,
            "self": 0.023109394998755306
        },
        "TrainerController.start_learning": {
            "total": 165.8703665790017,
            "count": 1,
            "self": 0.1801990288658999,
            "children": {
                "TrainerController._reset_env": {
                    "total": 11.463848149003752,
                    "count": 1,
                    "self": 11.463848149003752
                },
                "TrainerController.advance": {
                    "total": 154.10210709913372,
                    "count": 8247,
                    "self": 0.17517704091733322,
                    "children": {
                        "env_step": {
                            "total": 153.26796238427778,
                            "count": 8247,
                            "self": 139.47382317375013,
                            "children": {
                                "SubprocessEnvManager._take_step": {
                                    "total": 13.6875816992615,
                                    "count": 8247,
                                    "self": 0.378547239350155,
                                    "children": {
                                        "TorchPolicy.evaluate": {
                                            "total": 13.309034459911345,
                                            "count": 8247,
                                            "self": 13.309034459911345
                                        }
                                    }
                                },
                                "workers": {
                                    "total": 0.10655751126614632,
                                    "count": 8246,
                                    "self": 0.0,
                                    "children": {
                                        "worker_root": {
                                            "total": 105.40570739989926,
                                            "count": 8246,
                                            "is_parallel": true,
                                            "self": 32.70527331790072,
                                            "children": {
                                                "run_training.setup": {
                                                    "total": 0.0,
                                                    "count": 0,
                                                    "is_parallel": true,
                                                    "self": 0.0,
                                                    "children": {
                                                        "steps_from_proto": {
                                                            "total": 0.0009434370003873482,
                                                            "count": 1,
                                                            "is_parallel": true,
                                                            "self": 0.000529393000761047,
                                                            "children": {
                                                                "_process_rank_one_or_two_observation": {
                                                                    "total": 0.00041404399962630123,
                                                                    "count": 2,
                                                                    "is_parallel": true,
                                                                    "self": 0.00041404399962630123
                                                                }
                                                            }
                                                        },
                                                        "UnityEnvironment.step": {
                                                            "total": 0.027929982999921776,
                                                            "count": 1,
                                                            "is_parallel": true,
                                                            "self": 9.000999853014946e-05,
                                                            "children": {
                                                                "UnityEnvironment._generate_step_input": {
                                                                    "total": 0.00012082899775123224,
                                                                    "count": 1,
                                                                    "is_parallel": true,
                                                                    "self": 0.00012082899775123224
                                                                },
                                                                "communicator.exchange": {
                                                                    "total": 0.027447309999843128,
                                                                    "count": 1,
                                                                    "is_parallel": true,
                                                                    "self": 0.027447309999843128
                                                                },
                                                                "steps_from_proto": {
                                                                    "total": 0.00027183400379726663,
                                                                    "count": 1,
                                                                    "is_parallel": true,
                                                                    "self": 0.0001502840023022145,
                                                                    "children": {
                                                                        "_process_rank_one_or_two_observation": {
                                                                            "total": 0.00012155000149505213,
                                                                            "count": 2,
                                                                            "is_parallel": true,
                                                                            "self": 0.00012155000149505213
                                                                        }
                                                                    }
                                                                }
                                                            }
                                                        }
                                                    }
                                                },
                                                "UnityEnvironment.step": {
                                                    "total": 72.70043408199854,
                                                    "count": 8245,
                                                    "is_parallel": true,
                                                    "self": 0.714574303579866,