{
    "name": "root",
    "metadata": {
        "timer_format_version": "0.1.0",
        "start_time_seconds": "1671948659",
        "python_version": "3.8.15 (default, Nov 24 2022, 15:19:38) \n[GCC 11.2.0]",
        "command_line_arguments": "/home/yueqi/anaconda3/envs/unity-drl/bin/mlagents-learn Hand.yaml --run-id=0010",
        "mlagents_version": "0.31.0.dev0",
        "mlagents_envs_version": "0.31.0.dev0",
        "communication_protocol_version": "1.5.0",
        "pytorch_version": "1.8.1+cu102",
        "numpy_version": "1.21.2",
        "end_time_seconds": "1671948706"
    },
    "total": 46.72663716700117,
    "count": 1,
    "self": 0.0032455970031151082,
    "children": {
        "run_training.setup": {
            "total": 0.021237968998320866,
            "count": 1,
            "self": 0.021237968998320866
        },
        "TrainerController.start_learning": {
            "total": 46.702153600999736,
            "count": 1,
            "self": 0.03527869094250491,
            "children": {
                "TrainerController._reset_env": {
                    "total": 10.294690227998217,
                    "count": 1,
                    "self": 10.294690227998217
                },
                "TrainerController.advance": {
                    "total": 36.223892738060385,
                    "count": 1404,
                    "self": 0.025585868934285827,
                    "children": {
                        "env_step": {
                            "total": 36.10129158306154,
                            "count": 1404,
                            "self": 33.80060389510254,
                            "children": {
                                "SubprocessEnvManager._take_step": {
                                    "total": 2.2841017009777715,
                                    "count": 1404,
                                    "self": 0.06908461295097368,
                                    "children": {
                                        "TorchPolicy.evaluate": {
                                            "total": 2.215017088026798,
                                            "count": 1404,
                                            "self": 2.215017088026798
                                        }
                                    }
                                },
                                "workers": {
                                    "total": 0.016585986981226597,
                                    "count": 1403,
                                    "self": 0.0,
                                    "children": {
                                        "worker_root": {
                                            "total": 20.384948596929462,
                                            "count": 1403,
                                            "is_parallel": true,
                                            "self": 13.840555536851753,
                                            "children": {
                                                "run_training.setup": {
                                                    "total": 0.0,
                                                    "count": 0,
                                                    "is_parallel": true,
                                                    "self": 0.0,
                                                    "children": {
                                                        "steps_from_proto": {
                                                            "total": 0.0005612720015051309,
                                                            "count": 1,
                                                            "is_parallel": true,
                                                            "self": 0.000264239999523852,
                                                            "children": {
                                                                "_process_rank_one_or_two_observation": {
                                                                    "total": 0.0002970320019812789,
                                                                    "count": 2,
                                                                    "is_parallel": true,
                                                                    "self": 0.0002970320019812789
                                                                }
                                                            }
                                                        },
                                                        "UnityEnvironment.step": {
                                                            "total": 0.031629496999812545,
                                                            "count": 1,
                                                            "is_parallel": true,
                                                            "self": 8.301600246340968e-05,
                                                            "children": {
                                                                "UnityEnvironment._generate_step_input": {
                                                                    "total": 0.00012527799844974652,
                                                                    "count": 1,
                                                                    "is_parallel": true,
                                                                    "self": 0.00012527799844974652
                                                                },
                                                                "communicator.exchange": {
                                                                    "total": 0.031179465000604978,
                                                                    "count": 1,
                                                                    "is_parallel": true,
                                                                    "self": 0.031179465000604978
                                                                },
                                                                "steps_from_proto": {
                                                                    "total": 0.00024173799829441123,
                                                                    "count": 1,
                                                                    "is_parallel": true,
                                                                    "self": 0.00014001499948790297,
                                                                    "children": {
                                                                        "_process_rank_one_or_two_observation": {
                                                                            "total": 0.00010172299880650826,
                                                                            "count": 2,
                                                                            "is_parallel": true,
                                                                            "self": 0.00010172299880650826
                                                                        }
                                                                    }
                                                                }
                                                            }
                                                        }
                                                    }
                                                },
                                                "UnityEnvironment.step": {
                                                    "total": 6.544393060077709,
                                                    "count": 1402,
                                                    "is_parallel": true,
                                                    "self": 0.11873629592446378,