{
    "name": "root",
    "metadata": {
        "timer_format_version": "0.1.0",
        "start_time_seconds": "1671757437",
        "python_version": "3.8.15 (default, Nov 24 2022, 15:19:38) \n[GCC 11.2.0]",
        "command_line_arguments": "/home/yueqi/anaconda3/envs/unity-drl/bin/mlagents-learn Hand.yaml --run-id=hand006",
        "mlagents_version": "0.31.0.dev0",
        "mlagents_envs_version": "0.31.0.dev0",
        "communication_protocol_version": "1.5.0",
        "pytorch_version": "1.8.1+cu102",
        "numpy_version": "1.21.2",
        "end_time_seconds": "1671757504"
    },
    "total": 66.81306520599901,
    "count": 1,
    "self": 0.0033901360002346337,
    "children": {
        "run_training.setup": {
            "total": 0.009934753998095402,
            "count": 1,
            "self": 0.009934753998095402
        },
        "TrainerController.start_learning": {
            "total": 66.79974031600068,
            "count": 1,
            "self": 0.018931741069536656,
            "children": {
                "TrainerController._reset_env": {
                    "total": 6.728934871000092,
                    "count": 1,
                    "self": 6.728934871000092
                },
                "TrainerController.advance": {
                    "total": 59.83661179192859,
                    "count": 827,
                    "self": 0.01659263589317561,
                    "children": {
                        "env_step": {
                            "total": 59.796277592024126,
                            "count": 827,
                            "self": 58.63000615200872,
                            "children": {
                                "SubprocessEnvManager._take_step": {
                                    "total": 1.1555929400055902,
                                    "count": 827,
                                    "self": 0.03693305102206068,
                                    "children": {
                                        "TorchPolicy.evaluate": {
                                            "total": 1.1186598889835295,
                                            "count": 827,
                                            "self": 1.1186598889835295
                                        }
                                    }
                                },
                                "workers": {
                                    "total": 0.010678500009817071,
                                    "count": 826,
                                    "self": 0.0,
                                    "children": {
                                        "worker_root": {
                                            "total": 15.028066591057723,
                                            "count": 826,
                                            "is_parallel": true,
                                            "self": 8.604877164059872,
                                            "children": {
                                                "run_training.setup": {
                                                    "total": 0.0,
                                                    "count": 0,
                                                    "is_parallel": true,
                                                    "self": 0.0,
                                                    "children": {
                                                        "steps_from_proto": {
                                                            "total": 0.002087648997985525,
                                                            "count": 1,
                                                            "is_parallel": true,
                                                            "self": 0.0008270699981949292,
                                                            "children": {
                                                                "_process_rank_one_or_two_observation": {
                                                                    "total": 0.0012605789997905958,
                                                                    "count": 2,
                                                                    "is_parallel": true,
                                                                    "self": 0.0012605789997905958
                                                                }
                                                            }
                                                        },
                                                        "UnityEnvironment.step": {
                                                            "total": 0.04416365399811184,
                                                            "count": 1,
                                                            "is_parallel": true,
                                                            "self": 0.00012892900122096762,
                                                            "children": {
                                                                "UnityEnvironment._generate_step_input": {
                                                                    "total": 0.00014115099838818423,
                                                                    "count": 1,
                                                                    "is_parallel": true,
                                                                    "self": 0.00014115099838818423
                                                                },
                                                                "communicator.exchange": {
                                                                    "total": 0.043428704997495515,
                                                                    "count": 1,
                                                                    "is_parallel": true,
                                                                    "self": 0.043428704997495515
                                                                },
                                                                "steps_from_proto": {
                                                                    "total": 0.0004648690010071732,
                                                                    "count": 1,
                                                                    "is_parallel": true,
                                                                    "self": 0.00023844200404710136,
                                                                    "children": {
                                                                        "_process_rank_one_or_two_observation": {
                                                                            "total": 0.00022642699696007185,
                                                                            "count": 2,
                                                                            "is_parallel": true,
                                                                            "self": 0.00022642699696007185
                                                                        }
                                                                    }
                                                                }
                                                            }
                                                        }
                                                    }
                                                },
                                                "UnityEnvironment.step": {
                                                    "total": 6.423189426997851,
                                                    "count": 825,
                                                    "is_parallel": true,
                                                    "self": 0.0728778259617684,