{
    "name": "root",
    "metadata": {
        "timer_format_version": "0.1.0",
        "start_time_seconds": "1671848738",
        "python_version": "3.8.15 (default, Nov 24 2022, 15:19:38) \n[GCC 11.2.0]",
        "command_line_arguments": "/home/yueqi/anaconda3/envs/unity-drl/bin/mlagents-learn Hand.yaml --run-id=hand2025",
        "mlagents_version": "0.31.0.dev0",
        "mlagents_envs_version": "0.31.0.dev0",
        "communication_protocol_version": "1.5.0",
        "pytorch_version": "1.8.1+cu102",
        "numpy_version": "1.21.2",
        "end_time_seconds": "1671848838"
    },
    "total": 99.96442895600194,
    "count": 1,
    "self": 0.0046534570028597955,
    "children": {
        "run_training.setup": {
            "total": 0.013289754999277648,
            "count": 1,
            "self": 0.013289754999277648
        },
        "TrainerController.start_learning": {
            "total": 99.9464857439998,
            "count": 1,
            "self": 0.11788843972317409,
            "children": {
                "TrainerController._reset_env": {
                    "total": 6.001964303999557,
                    "count": 1,
                    "self": 6.001964303999557
                },
                "TrainerController.advance": {
                    "total": 93.60950945527657,
                    "count": 5441,
                    "self": 0.08939633847330697,
                    "children": {
                        "env_step": {
                            "total": 93.05883361383167,
                            "count": 5441,
                            "self": 84.46988430165948,
                            "children": {
                                "SubprocessEnvManager._take_step": {
                                    "total": 8.52171980105777,
                                    "count": 5441,
                                    "self": 0.23381415811672923,
                                    "children": {
                                        "TorchPolicy.evaluate": {
                                            "total": 8.287905642941041,
                                            "count": 5441,
                                            "self": 8.287905642941041
                                        }
                                    }
                                },
                                "workers": {
                                    "total": 0.06722951111441944,
                                    "count": 5440,
                                    "self": 0.0,
                                    "children": {
                                        "worker_root": {
                                            "total": 39.424109597923234,
                                            "count": 5440,
                                            "is_parallel": true,
                                            "self": 19.213909760052047,
                                            "children": {
                                                "run_training.setup": {
                                                    "total": 0.0,
                                                    "count": 0,
                                                    "is_parallel": true,
                                                    "self": 0.0,
                                                    "children": {
                                                        "steps_from_proto": {
                                                            "total": 0.007070446998113766,
                                                            "count": 1,
                                                            "is_parallel": true,
                                                            "self": 0.0009024379978654906,
                                                            "children": {
                                                                "_process_rank_one_or_two_observation": {
                                                                    "total": 0.006168009000248276,
                                                                    "count": 2,
                                                                    "is_parallel": true,
                                                                    "self": 0.006168009000248276
                                                                }
                                                            }
                                                        },
                                                        "UnityEnvironment.step": {
                                                            "total": 0.03581075299734948,
                                                            "count": 1,
                                                            "is_parallel": true,
                                                            "self": 0.00011520900079631247,
                                                            "children": {
                                                                "UnityEnvironment._generate_step_input": {
                                                                    "total": 0.00013749199933954515,
                                                                    "count": 1,
                                                                    "is_parallel": true,
                                                                    "self": 0.00013749199933954515
                                                                },
                                                                "communicator.exchange": {
                                                                    "total": 0.03503728099894943,
                                                                    "count": 1,
                                                                    "is_parallel": true,
                                                                    "self": 0.03503728099894943
                                                                },
                                                                "steps_from_proto": {
                                                                    "total": 0.0005207709982641973,
                                                                    "count": 1,
                                                                    "is_parallel": true,
                                                                    "self": 0.00029024199830018915,
                                                                    "children": {
                                                                        "_process_rank_one_or_two_observation": {
                                                                            "total": 0.0002305289999640081,
                                                                            "count": 2,
                                                                            "is_parallel": true,
                                                                            "self": 0.0002305289999640081
                                                                        }
                                                                    }
                                                                }
                                                            }
                                                        }
                                                    }
                                                },
                                                "UnityEnvironment.step": {
                                                    "total": 20.210199837871187,
                                                    "count": 5439,
                                                    "is_parallel": true,
                                                    "self": 0.4411748201746377,