{"count":1,"self":968.91310079999994,"total":969.317773,"children":{"InitializeActuators":{"count":12,"self":0.0023569999999999997,"total":0.0023569999999999997,"children":null},"InitializeSensors":{"count":12,"self":0.0026639999999999997,"total":0.0026639999999999997,"children":null},"AgentSendState":{"count":1990,"self":0.030898,"total":0.080433999999999992,"children":{"CollectObservations":{"count":4776,"self":0.034089999999999995,"total":0.034089999999999995,"children":null},"WriteActionMask":{"count":4776,"self":0.004454,"total":0.004454,"children":null},"RequestDecision":{"count":4776,"self":0.010992,"total":0.010992,"children":null}}},"DecideAction":{"count":1990,"self":0.046668999999999995,"total":0.046668999999999995,"children":null},"AgentAct":{"count":1990,"self":0.27142499999999997,"total":0.27142499999999997,"children":null}},"gauges":{"3DBall.CumulativeReward":{"count":159,"max":8.099998,"min":0.300000221,"runningAverage":1.82389879,"value":3.599998,"weightedAverage":2.07191372}},"metadata":{"timer_format_version":"0.1.0","start_time_seconds":"1670992384","unity_version":"2022.2.0f1","command_line_arguments":"\/home\/bryanat\/Unity\/Hub\/Editor\/2022.2.0f1\/Editor\/Unity -projectpath \/home\/bryanat\/UnityDRL-Box1\/ml-agents-release_20\/Project -useHub -hubIPC -cloudEnvironment production","communication_protocol_version":"1.5.0","com.unity.ml-agents_version":"2.3.0-exp.3","scene_name":"3DBall","end_time_seconds":"1670993354"}}