{
    "name": "root",
    "metadata": {
        "timer_format_version": "0.1.0",
        "start_time_seconds": "1671951792",
        "python_version": "3.8.15 (default, Nov 24 2022, 15:19:38) \n[GCC 11.2.0]",
        "command_line_arguments": "/home/yueqi/anaconda3/envs/unity-drl/bin/mlagents-learn Hand.yaml --run-id=0103",
        "mlagents_version": "0.31.0.dev0",
        "mlagents_envs_version": "0.31.0.dev0",
        "communication_protocol_version": "1.5.0",
        "pytorch_version": "1.8.1+cu102",
        "numpy_version": "1.21.2",
        "end_time_seconds": "1671951888"
    },
    "total": 95.22444605700002,
    "count": 1,
    "self": 0.004843944996537175,
    "children": {
        "run_training.setup": {
            "total": 0.017112326000642497,
            "count": 1,
            "self": 0.017112326000642497
        },
        "TrainerController.start_learning": {
            "total": 95.20248978600284,
            "count": 1,
            "self": 0.13810157600528328,
            "children": {
                "TrainerController._reset_env": {
                    "total": 7.020056141001987,
                    "count": 1,
                    "self": 7.020056141001987
                },
                "TrainerController.advance": {
                    "total": 87.9358830739875,
                    "count": 9937,
                    "self": 0.11712944270402659,
                    "children": {
                        "env_step": {
                            "total": 87.26633339201362,
                            "count": 9937,
                            "self": 76.98324643575324,
                            "children": {
                                "SubprocessEnvManager._take_step": {
                                    "total": 10.19904690032854,
                                    "count": 9937,
                                    "self": 0.3330319367305492,
                                    "children": {
                                        "TorchPolicy.evaluate": {
                                            "total": 9.86601496359799,
                                            "count": 9937,
                                            "self": 9.86601496359799
                                        }
                                    }
                                },
                                "workers": {
                                    "total": 0.08404005593183683,
                                    "count": 9936,
                                    "self": 0.0,
                                    "children": {
                                        "worker_root": {
                                            "total": 46.84855282323406,
                                            "count": 9936,
                                            "is_parallel": true,
                                            "self": 23.049216556813917,
                                            "children": {
                                                "run_training.setup": {
                                                    "total": 0.0,
                                                    "count": 0,
                                                    "is_parallel": true,
                                                    "self": 0.0,
                                                    "children": {
                                                        "steps_from_proto": {
                                                            "total": 0.00048191799578489736,
                                                            "count": 1,
                                                            "is_parallel": true,
                                                            "self": 0.0002175289992010221,
                                                            "children": {
                                                                "_process_rank_one_or_two_observation": {
                                                                    "total": 0.00026438899658387527,
                                                                    "count": 2,
                                                                    "is_parallel": true,
                                                                    "self": 0.00026438899658387527
                                                                }
                                                            }
                                                        },
                                                        "UnityEnvironment.step": {
                                                            "total": 0.028948244005732704,
                                                            "count": 1,
                                                            "is_parallel": true,
                                                            "self": 8.294600411318243e-05,
                                                            "children": {
                                                                "UnityEnvironment._generate_step_input": {
                                                                    "total": 0.0001344640040770173,
                                                                    "count": 1,
                                                                    "is_parallel": true,
                                                                    "self": 0.0001344640040770173
                                                                },
                                                                "communicator.exchange": {
                                                                    "total": 0.028482334993896075,
                                                                    "count": 1,
                                                                    "is_parallel": true,
                                                                    "self": 0.028482334993896075
                                                                },
                                                                "steps_from_proto": {
                                                                    "total": 0.00024849900364642963,
                                                                    "count": 1,
                                                                    "is_parallel": true,
                                                                    "self": 0.00014400199870578945,
                                                                    "children": {
                                                                        "_process_rank_one_or_two_observation": {
                                                                            "total": 0.00010449700494064018,
                                                                            "count": 2,
                                                                            "is_parallel": true,
                                                                            "self": 0.00010449700494064018
                                                                        }
                                                                    }
                                                                }
                                                            }
                                                        }
                                                    }
                                                },
                                                "UnityEnvironment.step": {
                                                    "total": 23.79933626642014,
                                                    "count": 9935,
                                                    "is_parallel": true,
                                                    "self": 0.5588692712699412,