{
    "name": "root",
    "metadata": {
        "timer_format_version": "0.1.0",
        "start_time_seconds": "1671919444",
        "python_version": "3.8.15 (default, Nov 24 2022, 15:19:38) \n[GCC 11.2.0]",
        "command_line_arguments": "/home/yueqi/anaconda3/envs/unity-drl/bin/mlagents-learn Hand.yaml --run-id=1604",
        "mlagents_version": "0.31.0.dev0",
        "mlagents_envs_version": "0.31.0.dev0",
        "communication_protocol_version": "1.5.0",
        "pytorch_version": "1.8.1+cu102",
        "numpy_version": "1.21.2",
        "end_time_seconds": "1671919520"
    },
    "total": 76.46551202599994,
    "count": 1,
    "self": 0.003183893999448628,
    "children": {
        "run_training.setup": {
            "total": 0.007242848000259983,
            "count": 1,
            "self": 0.007242848000259983
        },
        "TrainerController.start_learning": {
            "total": 76.45508528400023,
            "count": 1,
            "self": 0.04947198198533442,
            "children": {
                "TrainerController._reset_env": {
                    "total": 4.681393228000161,
                    "count": 1,
                    "self": 4.681393228000161
                },
                "TrainerController.advance": {
                    "total": 71.61746224201488,
                    "count": 3511,
                    "self": 0.04215312100086521,
                    "children": {
                        "env_step": {
                            "total": 71.38091754100196,
                            "count": 3511,
                            "self": 67.66499403401303,
                            "children": {
                                "SubprocessEnvManager._take_step": {
                                    "total": 3.6862175549827043,
                                    "count": 3511,
                                    "self": 0.11736921799820266,
                                    "children": {
                                        "TorchPolicy.evaluate": {
                                            "total": 3.5688483369845017,
                                            "count": 3511,
                                            "self": 3.5688483369845017
                                        }
                                    }
                                },
                                "workers": {
                                    "total": 0.029705952006224834,
                                    "count": 3510,
                                    "self": 0.0,
                                    "children": {
                                        "worker_root": {
                                            "total": 19.41075826001088,
                                            "count": 3510,
                                            "is_parallel": true,
                                            "self": 10.433946997003204,
                                            "children": {
                                                "run_training.setup": {
                                                    "total": 0.0,
                                                    "count": 0,
                                                    "is_parallel": true,
                                                    "self": 0.0,
                                                    "children": {
                                                        "steps_from_proto": {
                                                            "total": 0.0005279209999571322,
                                                            "count": 1,
                                                            "is_parallel": true,
                                                            "self": 0.00024650199975440046,
                                                            "children": {
                                                                "_process_rank_one_or_two_observation": {
                                                                    "total": 0.0002814190002027317,
                                                                    "count": 2,
                                                                    "is_parallel": true,
                                                                    "self": 0.0002814190002027317
                                                                }
                                                            }
                                                        },
                                                        "UnityEnvironment.step": {
                                                            "total": 0.013898623999921256,
                                                            "count": 1,
                                                            "is_parallel": true,
                                                            "self": 7.037300019874237e-05,
                                                            "children": {
                                                                "UnityEnvironment._generate_step_input": {
                                                                    "total": 0.00012816599974030396,
                                                                    "count": 1,
                                                                    "is_parallel": true,
                                                                    "self": 0.00012816599974030396
                                                                },
                                                                "communicator.exchange": {
                                                                    "total": 0.013469472999986465,
                                                                    "count": 1,
                                                                    "is_parallel": true,
                                                                    "self": 0.013469472999986465
                                                                },
                                                                "steps_from_proto": {
                                                                    "total": 0.00023061199999574455,
                                                                    "count": 1,
                                                                    "is_parallel": true,
                                                                    "self": 0.0001425229997948918,
                                                                    "children": {
                                                                        "_process_rank_one_or_two_observation": {
                                                                            "total": 8.808900020085275e-05,
                                                                            "count": 2,
                                                                            "is_parallel": true,
                                                                            "self": 8.808900020085275e-05
                                                                        }
                                                                    }
                                                                }
                                                            }
                                                        }
                                                    }
                                                },
                                                "UnityEnvironment.step": {
                                                    "total": 8.976811263007676,
                                                    "count": 3509,
                                                    "is_parallel": true,
                                                    "self": 0.19551897301425925,