{
    "name": "root",
    "metadata": {
        "timer_format_version": "0.1.0",
        "start_time_seconds": "1671948710",
        "python_version": "3.8.15 (default, Nov 24 2022, 15:19:38) \n[GCC 11.2.0]",
        "command_line_arguments": "/home/yueqi/anaconda3/envs/unity-drl/bin/mlagents-learn Hand.yaml --run-id=0011",
        "mlagents_version": "0.31.0.dev0",
        "mlagents_envs_version": "0.31.0.dev0",
        "communication_protocol_version": "1.5.0",
        "pytorch_version": "1.8.1+cu102",
        "numpy_version": "1.21.2",
        "end_time_seconds": "1671948810"
    },
    "total": 99.50411962599901,
    "count": 1,
    "self": 0.004203158998279832,
    "children": {
        "run_training.setup": {
            "total": 0.008263710002211155,
            "count": 1,
            "self": 0.008263710002211155
        },
        "TrainerController.start_learning": {
            "total": 99.49165275699852,
            "count": 1,
            "self": 0.05437061305565294,
            "children": {
                "TrainerController._reset_env": {
                    "total": 21.864539266000065,
                    "count": 1,
                    "self": 21.864539266000065
                },
                "TrainerController.advance": {
                    "total": 77.47248783094255,
                    "count": 2464,
                    "self": 0.04969069894286804,
                    "children": {
                        "env_step": {
                            "total": 77.25101470789014,
                            "count": 2464,
                            "self": 73.10807755968199,
                            "children": {
                                "SubprocessEnvManager._take_step": {
                                    "total": 4.112044214114576,
                                    "count": 2464,
                                    "self": 0.11632430703321006,
                                    "children": {
                                        "TorchPolicy.evaluate": {
                                            "total": 3.995719907081366,
                                            "count": 2464,
                                            "self": 3.995719907081366
                                        }
                                    }
                                },
                                "workers": {
                                    "total": 0.030892934093571967,
                                    "count": 2463,
                                    "self": 0.0,
                                    "children": {
                                        "worker_root": {
                                            "total": 39.23376450800788,
                                            "count": 2463,
                                            "is_parallel": true,
                                            "self": 28.185381788920495,
                                            "children": {
                                                "run_training.setup": {
                                                    "total": 0.0,
                                                    "count": 0,
                                                    "is_parallel": true,
                                                    "self": 0.0,
                                                    "children": {
                                                        "steps_from_proto": {
                                                            "total": 0.0006653299969912041,
                                                            "count": 1,
                                                            "is_parallel": true,
                                                            "self": 0.00031934499565977603,
                                                            "children": {
                                                                "_process_rank_one_or_two_observation": {
                                                                    "total": 0.00034598500133142807,
                                                                    "count": 2,
                                                                    "is_parallel": true,
                                                                    "self": 0.00034598500133142807
                                                                }
                                                            }
                                                        },
                                                        "UnityEnvironment.step": {
                                                            "total": 0.03828306800278369,
                                                            "count": 1,
                                                            "is_parallel": true,
                                                            "self": 0.00010983900574501604,
                                                            "children": {
                                                                "UnityEnvironment._generate_step_input": {
                                                                    "total": 0.00014636699779657647,
                                                                    "count": 1,
                                                                    "is_parallel": true,
                                                                    "self": 0.00014636699779657647
                                                                },
                                                                "communicator.exchange": {
                                                                    "total": 0.03770784799780813,
                                                                    "count": 1,
                                                                    "is_parallel": true,
                                                                    "self": 0.03770784799780813
                                                                },
                                                                "steps_from_proto": {
                                                                    "total": 0.0003190140014339704,
                                                                    "count": 1,
                                                                    "is_parallel": true,
                                                                    "self": 0.0001710050019028131,
                                                                    "children": {
                                                                        "_process_rank_one_or_two_observation": {
                                                                            "total": 0.00014800899953115731,
                                                                            "count": 2,
                                                                            "is_parallel": true,
                                                                            "self": 0.00014800899953115731
                                                                        }
                                                                    }
                                                                }
                                                            }
                                                        }
                                                    }
                                                },
                                                "UnityEnvironment.step": {
                                                    "total": 11.048382719087385,
                                                    "count": 2462,
                                                    "is_parallel": true,
                                                    "self": 0.21063235105248168,