{
    "name": "root",
    "metadata": {
        "timer_format_version": "0.1.0",
        "start_time_seconds": "1671919896",
        "python_version": "3.8.15 (default, Nov 24 2022, 15:19:38) \n[GCC 11.2.0]",
        "command_line_arguments": "/home/yueqi/anaconda3/envs/unity-drl/bin/mlagents-learn Hand.yaml --run-id=1611",
        "mlagents_version": "0.31.0.dev0",
        "mlagents_envs_version": "0.31.0.dev0",
        "communication_protocol_version": "1.5.0",
        "pytorch_version": "1.8.1+cu102",
        "numpy_version": "1.21.2",
        "end_time_seconds": "1671919934"
    },
    "total": 37.643863605000206,
    "count": 1,
    "self": 0.0029966430001877598,
    "children": {
        "run_training.setup": {
            "total": 0.006605934999697638,
            "count": 1,
            "self": 0.006605934999697638
        },
        "TrainerController.start_learning": {
            "total": 37.63426102700032,
            "count": 1,
            "self": 0.04685937298791032,
            "children": {
                "TrainerController._reset_env": {
                    "total": 4.5075290179997864,
                    "count": 1,
                    "self": 4.5075290179997864
                },
                "TrainerController.advance": {
                    "total": 32.9871670960124,
                    "count": 3141,
                    "self": 0.044392771006187104,
                    "children": {
                        "env_step": {
                            "total": 32.76218287700476,
                            "count": 3141,
                            "self": 29.311527301978458,
                            "children": {
                                "SubprocessEnvManager._take_step": {
                                    "total": 3.423392904015145,
                                    "count": 3141,
                                    "self": 0.11346799102830118,
                                    "children": {
                                        "TorchPolicy.evaluate": {
                                            "total": 3.309924912986844,
                                            "count": 3141,
                                            "self": 3.309924912986844
                                        }
                                    }
                                },
                                "workers": {
                                    "total": 0.02726267101115809,
                                    "count": 3140,
                                    "self": 0.0,
                                    "children": {
                                        "worker_root": {
                                            "total": 17.942308094013697,
                                            "count": 3140,
                                            "is_parallel": true,
                                            "self": 9.90088056402783,
                                            "children": {
                                                "run_training.setup": {
                                                    "total": 0.0,
                                                    "count": 0,
                                                    "is_parallel": true,
                                                    "self": 0.0,
                                                    "children": {
                                                        "steps_from_proto": {
                                                            "total": 0.0004959750003763475,
                                                            "count": 1,
                                                            "is_parallel": true,
                                                            "self": 0.00022175600042828592,
                                                            "children": {
                                                                "_process_rank_one_or_two_observation": {
                                                                    "total": 0.00027421899994806154,
                                                                    "count": 2,
                                                                    "is_parallel": true,
                                                                    "self": 0.00027421899994806154
                                                                }
                                                            }
                                                        },
                                                        "UnityEnvironment.step": {
                                                            "total": 0.015337074999933975,
                                                            "count": 1,
                                                            "is_parallel": true,
                                                            "self": 7.27309993635572e-05,
                                                            "children": {
                                                                "UnityEnvironment._generate_step_input": {
                                                                    "total": 0.00010388000009697862,
                                                                    "count": 1,
                                                                    "is_parallel": true,
                                                                    "self": 0.00010388000009697862
                                                                },
                                                                "communicator.exchange": {
                                                                    "total": 0.014945350000289181,
                                                                    "count": 1,
                                                                    "is_parallel": true,
                                                                    "self": 0.014945350000289181
                                                                },
                                                                "steps_from_proto": {
                                                                    "total": 0.00021511400018425775,
                                                                    "count": 1,
                                                                    "is_parallel": true,
                                                                    "self": 0.00012247600079717813,
                                                                    "children": {
                                                                        "_process_rank_one_or_two_observation": {
                                                                            "total": 9.263799938707962e-05,
                                                                            "count": 2,
                                                                            "is_parallel": true,
                                                                            "self": 9.263799938707962e-05
                                                                        }
                                                                    }
                                                                }
                                                            }
                                                        }
                                                    }
                                                },
                                                "UnityEnvironment.step": {
                                                    "total": 8.041427529985867,
                                                    "count": 3139,
                                                    "is_parallel": true,
                                                    "self": 0.18454696094386236,