{
    "name": "root",
    "metadata": {
        "timer_format_version": "0.1.0",
        "start_time_seconds": "1671949494",
        "python_version": "3.8.15 (default, Nov 24 2022, 15:19:38) \n[GCC 11.2.0]",
        "command_line_arguments": "/home/yueqi/anaconda3/envs/unity-drl/bin/mlagents-learn Hand.yaml --run-id=0024",
        "mlagents_version": "0.31.0.dev0",
        "mlagents_envs_version": "0.31.0.dev0",
        "communication_protocol_version": "1.5.0",
        "pytorch_version": "1.8.1+cu102",
        "numpy_version": "1.21.2",
        "end_time_seconds": "1671949541"
    },
    "total": 46.5345849899968,
    "count": 1,
    "self": 0.0037816659969394095,
    "children": {
        "run_training.setup": {
            "total": 0.010774987997137941,
            "count": 1,
            "self": 0.010774987997137941
        },
        "TrainerController.start_learning": {
            "total": 46.520028336002724,
            "count": 1,
            "self": 0.04055091185728088,
            "children": {
                "TrainerController._reset_env": {
                    "total": 6.888810000004014,
                    "count": 1,
                    "self": 6.888810000004014
                },
                "TrainerController.advance": {
                    "total": 39.48746509914781,
                    "count": 1791,
                    "self": 0.035005088182515465,
                    "children": {
                        "env_step": {
                            "total": 39.34839380423364,
                            "count": 1791,
                            "self": 36.28643868138897,
                            "children": {
                                "SubprocessEnvManager._take_step": {
                                    "total": 3.039503789936134,
                                    "count": 1791,
                                    "self": 0.08240959187969565,
                                    "children": {
                                        "TorchPolicy.evaluate": {
                                            "total": 2.9570941980564385,
                                            "count": 1791,
                                            "self": 2.9570941980564385
                                        }
                                    }
                                },
                                "workers": {
                                    "total": 0.022451332908531185,
                                    "count": 1790,
                                    "self": 0.0,
                                    "children": {
                                        "worker_root": {
                                            "total": 30.18508928402298,
                                            "count": 1790,
                                            "is_parallel": true,
                                            "self": 11.593813160019636,
                                            "children": {
                                                "run_training.setup": {
                                                    "total": 0.0,
                                                    "count": 0,
                                                    "is_parallel": true,
                                                    "self": 0.0,
                                                    "children": {
                                                        "steps_from_proto": {
                                                            "total": 0.0009887669948511757,
                                                            "count": 1,
                                                            "is_parallel": true,
                                                            "self": 0.00045467699237633497,
                                                            "children": {
                                                                "_process_rank_one_or_two_observation": {
                                                                    "total": 0.0005340900024748407,
                                                                    "count": 2,
                                                                    "is_parallel": true,
                                                                    "self": 0.0005340900024748407
                                                                }
                                                            }
                                                        },
                                                        "UnityEnvironment.step": {
                                                            "total": 0.027866950003954116,
                                                            "count": 1,
                                                            "is_parallel": true,
                                                            "self": 9.215500904247165e-05,
                                                            "children": {
                                                                "UnityEnvironment._generate_step_input": {
                                                                    "total": 0.00017300999752478674,
                                                                    "count": 1,
                                                                    "is_parallel": true,
                                                                    "self": 0.00017300999752478674
                                                                },
                                                                "communicator.exchange": {
                                                                    "total": 0.027329144002578687,
                                                                    "count": 1,
                                                                    "is_parallel": true,
                                                                    "self": 0.027329144002578687
                                                                },
                                                                "steps_from_proto": {
                                                                    "total": 0.00027264099480817094,
                                                                    "count": 1,
                                                                    "is_parallel": true,
                                                                    "self": 0.0001647549943299964,
                                                                    "children": {
                                                                        "_process_rank_one_or_two_observation": {
                                                                            "total": 0.00010788600047817454,
                                                                            "count": 2,
                                                                            "is_parallel": true,
                                                                            "self": 0.00010788600047817454
                                                                        }
                                                                    }
                                                                }
                                                            }
                                                        }
                                                    }
                                                },
                                                "UnityEnvironment.step": {
                                                    "total": 18.591276124003343,
                                                    "count": 1789,
                                                    "is_parallel": true,
                                                    "self": 0.17097883693350013,