{
    "name": "root",
    "gauges": {
        "Packer.Policy.Entropy.mean": {
            "value": 3.421226978302002,
            "min": 3.421226978302002,
            "max": 3.497645854949951,
            "count": 23
        },
        "Packer.Policy.Entropy.sum": {
            "value": 102698.390625,
            "min": 102676.7421875,
            "max": 104978.34375,
            "count": 23
        },
        "Packer.Environment.EpisodeLength.mean": {
            "value": 23.584766584766584,
            "min": 18.814398943196828,
            "max": 23.584766584766584,
            "count": 23
        },
        "Packer.Environment.EpisodeLength.sum": {
            "value": 28797.0,
            "min": 28485.0,
            "max": 28797.0,
            "count": 23
        },
        "Packer.Step.mean": {
            "value": 689991.0,
            "min": 29987.0,
            "max": 689991.0,
            "count": 23
        },
        "Packer.Step.sum": {
            "value": 689991.0,
            "min": 29987.0,
            "max": 689991.0,
            "count": 23
        },
        "Packer.Policy.ExtrinsicValueEstimate.mean": {
            "value": 13.693466186523438,
            "min": -0.47413748502731323,
            "max": 13.693466186523438,
            "count": 23
        },
        "Packer.Policy.ExtrinsicValueEstimate.sum": {
            "value": 16719.72265625,
            "min": -667.5855712890625,
            "max": 16719.72265625,
            "count": 23
        },
        "Packer.Environment.CumulativeReward.mean": {
            "value": 22.153077755181346,
            "min": -0.5690415124851149,
            "max": 22.153077755181346,
            "count": 23
        },
        "Packer.Environment.CumulativeReward.sum": {
            "value": 27048.907939076424,
            "min": -814.8674458786845,
            "max": 27048.907939076424,
            "count": 23
        },
        "Packer.Policy.ExtrinsicReward.mean": {
            "value": 22.153077755181346,
            "min": -0.5690415124851149,
            "max": 22.153077755181346,
            "count": 23
        },
        "Packer.Policy.ExtrinsicReward.sum": {
            "value": 27048.907939076424,
            "min": -814.8674458786845,
            "max": 27048.907939076424,
            "count": 23
        },
        "Packer.Losses.PolicyLoss.mean": {
            "value": 0.016884891145552198,
            "min": 0.012029805812441433,
            "max": 0.01963479829331239,
            "count": 23
        },
        "Packer.Losses.PolicyLoss.sum": {
            "value": 0.016884891145552198,
            "min": 0.012029805812441433,
            "max": 0.038916130996464446,
            "count": 23
        },
        "Packer.Losses.ValueLoss.mean": {
            "value": 14.340762297312418,
            "min": 0.10226434419552485,
            "max": 14.340762297312418,
            "count": 23
        },
        "Packer.Losses.ValueLoss.sum": {
            "value": 14.340762297312418,
            "min": 0.10226434419552485,
            "max": 26.098193136850995,
            "count": 23
        },
        "Packer.Policy.LearningRate.mean": {
            "value": 0.00029323814225395316,
            "min": 0.00029323814225395316,
            "max": 0.0002997950900683033,
            "count": 23
        },
        "Packer.Policy.LearningRate.sum": {
            "value": 0.00029323814225395316,
            "min": 0.00029323814225395316,
            "max": 0.0005985656304781234,
            "count": 23
        },
        "Packer.Policy.Epsilon.mean": {
            "value": 0.19774604666666662,
            "min": 0.19774604666666662,
            "max": 0.19993169666666674,
            "count": 23
        },
        "Packer.Policy.Epsilon.sum": {
            "value": 0.19774604666666662,
            "min": 0.19774604666666662,
            "max": 0.3995218766666666,
            "count": 23
        },
        "Packer.Policy.Beta.mean": {
            "value": 0.004887527728666666,
            "min": 0.004887527728666666,
            "max": 0.0049965916636666675,
            "count": 23
        },
        "Packer.Policy.Beta.sum": {
            "value": 0.004887527728666666,
            "min": 0.004887527728666666,
            "max": 0.009976141645666667,
            "count": 23
        },
        "Packer.IsTraining.mean": {
            "value": 1.0,
            "min": 1.0,
            "max": 1.0,
            "count": 23
        },
        "Packer.IsTraining.sum": {
            "value": 1.0,
            "min": 1.0,
            "max": 1.0,
            "count": 23
        }
    },
    "metadata": {
        "timer_format_version": "0.1.0",
        "start_time_seconds": "1671601079",
        "python_version": "3.8.15 (default, Nov 24 2022, 15:19:38) \n[GCC 11.2.0]",
        "command_line_arguments": "/home/yueqi/anaconda3/envs/unity-drl/bin/mlagents-learn Packer.yaml --run-id=packer002",
        "mlagents_version": "0.31.0.dev0",
        "mlagents_envs_version": "0.31.0.dev0",
        "communication_protocol_version": "1.5.0",
        "pytorch_version": "1.8.1+cu102",
        "numpy_version": "1.21.2",
        "end_time_seconds": "1671638430"
    },
    "total": 37351.369612664996,
    "count": 1,
    "self": 0.0039538569981232285,
    "children": {
        "run_training.setup": {
            "total": 0.012188448999950197,
            "count": 1,
            "self": 0.012188448999950197
        },
        "TrainerController.start_learning": {
            "total": 37351.353470359,
            "count": 1,
            "self": 14.498645578809374,
            "children": {
                "TrainerController._reset_env": {
                    "total": 7.368722447000437,
                    "count": 1,
                    "self": 7.368722447000437
                },
                "TrainerController.advance": {
                    "total": 37329.29399118719,
                    "count": 743937,
                    "self": 11.798183114988205,
                    "children": {
                        "env_step": {
                            "total": 35704.2679221025,
                            "count": 743937,
                            "self": 34557.686440665224,
                            "children": {
                                "SubprocessEnvManager._take_step": {
                                    "total": 1137.6912362488983,
                                    "count": 743937,
                                    "self": 30.184141040090253,
                                    "children": {
                                        "TorchPolicy.evaluate": {
                                            "total": 1107.507095208808,
                                            "count": 716891,
                                            "self": 1107.507095208808
                                        }
                                    }
                                },
                                "workers": {
                                    "total": 8.890245188379595,
                                    "count": 743936,
                                    "self": 0.0,
                                    "children": {
                                        "worker_root": {
                                            "total": 37331.350450263315,
                                            "count": 743936,
                                            "is_parallel": true,
                                            "self": 3298.425942561029,
                                            "children": {
                                                "run_training.setup": {
                                                    "total": 0.0,
                                                    "count": 0,
                                                    "is_parallel": true,
                                                    "self": 0.0,