{
    "name": "root",
    "metadata": {
        "timer_format_version": "0.1.0",
        "start_time_seconds": "1671924762",
        "python_version": "3.8.15 (default, Nov 24 2022, 15:19:38) \n[GCC 11.2.0]",
        "command_line_arguments": "/home/yueqi/anaconda3/envs/unity-drl/bin/mlagents-learn Hand.yaml --run-id=1732",
        "mlagents_version": "0.31.0.dev0",
        "mlagents_envs_version": "0.31.0.dev0",
        "communication_protocol_version": "1.5.0",
        "pytorch_version": "1.8.1+cu102",
        "numpy_version": "1.21.2",
        "end_time_seconds": "1671924801"
    },
    "total": 39.15649665700039,
    "count": 1,
    "self": 0.0036109240008954657,
    "children": {
        "run_training.setup": {
            "total": 0.022862207999423845,
            "count": 1,
            "self": 0.022862207999423845
        },
        "TrainerController.start_learning": {
            "total": 39.13002352500007,
            "count": 1,
            "self": 0.08874230395304039,
            "children": {
                "TrainerController._reset_env": {
                    "total": 4.869621539000946,
                    "count": 1,
                    "self": 4.869621539000946
                },
                "TrainerController.advance": {
                    "total": 34.07110085304703,
                    "count": 4061,
                    "self": 0.07310454698381363,
                    "children": {
                        "env_step": {
                            "total": 33.69170125006531,
                            "count": 4061,
                            "self": 27.56170675906469,
                            "children": {
                                "SubprocessEnvManager._take_step": {
                                    "total": 6.082307477003269,
                                    "count": 4061,
                                    "self": 0.1743357390350866,
                                    "children": {
                                        "TorchPolicy.evaluate": {
                                            "total": 5.907971737968182,
                                            "count": 4061,
                                            "self": 5.907971737968182
                                        }
                                    }
                                },
                                "workers": {
                                    "total": 0.047687013997347094,
                                    "count": 4060,
                                    "self": 0.0,
                                    "children": {
                                        "worker_root": {
                                            "total": 27.301637602982737,
                                            "count": 4060,
                                            "is_parallel": true,
                                            "self": 14.248597440986487,
                                            "children": {
                                                "run_training.setup": {
                                                    "total": 0.0,
                                                    "count": 0,
                                                    "is_parallel": true,
                                                    "self": 0.0,
                                                    "children": {
                                                        "steps_from_proto": {
                                                            "total": 0.000652627000818029,
                                                            "count": 1,
                                                            "is_parallel": true,
                                                            "self": 0.000292074000753928,
                                                            "children": {
                                                                "_process_rank_one_or_two_observation": {
                                                                    "total": 0.00036055300006410107,
                                                                    "count": 2,
                                                                    "is_parallel": true,
                                                                    "self": 0.00036055300006410107
                                                                }
                                                            }
                                                        },
                                                        "UnityEnvironment.step": {
                                                            "total": 0.018308969998543034,
                                                            "count": 1,
                                                            "is_parallel": true,
                                                            "self": 0.00012318299923208542,
                                                            "children": {
                                                                "UnityEnvironment._generate_step_input": {
                                                                    "total": 0.00012117999904148746,
                                                                    "count": 1,
                                                                    "is_parallel": true,
                                                                    "self": 0.00012117999904148746
                                                                },
                                                                "communicator.exchange": {
                                                                    "total": 0.017749770000591525,
                                                                    "count": 1,
                                                                    "is_parallel": true,
                                                                    "self": 0.017749770000591525
                                                                },
                                                                "steps_from_proto": {
                                                                    "total": 0.00031483699967793655,
                                                                    "count": 1,
                                                                    "is_parallel": true,
                                                                    "self": 0.0001749419989209855,
                                                                    "children": {
                                                                        "_process_rank_one_or_two_observation": {
                                                                            "total": 0.00013989500075695105,
                                                                            "count": 2,
                                                                            "is_parallel": true,
                                                                            "self": 0.00013989500075695105
                                                                        }
                                                                    }
                                                                }
                                                            }
                                                        }
                                                    }
                                                },
                                                "UnityEnvironment.step": {
                                                    "total": 13.05304016199625,
                                                    "count": 4059,
                                                    "is_parallel": true,
                                                    "self": 0.30145824191640713,