{
    "name": "root",
    "metadata": {
        "timer_format_version": "0.1.0",
        "start_time_seconds": "1671757096",
        "python_version": "3.8.15 (default, Nov 24 2022, 15:19:38) \n[GCC 11.2.0]",
        "command_line_arguments": "/home/yueqi/anaconda3/envs/unity-drl/bin/mlagents-learn Hand.yaml --run-id=hand004",
        "mlagents_version": "0.31.0.dev0",
        "mlagents_envs_version": "0.31.0.dev0",
        "communication_protocol_version": "1.5.0",
        "pytorch_version": "1.8.1+cu102",
        "numpy_version": "1.21.2",
        "end_time_seconds": "1671757216"
    },
    "total": 120.0540878460015,
    "count": 1,
    "self": 0.004902895998384338,
    "children": {
        "run_training.setup": {
            "total": 0.012059142001817236,
            "count": 1,
            "self": 0.012059142001817236
        },
        "TrainerController.start_learning": {
            "total": 120.03712580800129,
            "count": 1,
            "self": 0.0744513959652977,
            "children": {
                "TrainerController._reset_env": {
                    "total": 6.714040708000539,
                    "count": 1,
                    "self": 6.714040708000539
                },
                "TrainerController.advance": {
                    "total": 113.0299457080364,
                    "count": 3271,
                    "self": 0.0739212079824938,
                    "children": {
                        "env_step": {
                            "total": 112.68709527703686,
                            "count": 3271,
                            "self": 107.95283419994666,
                            "children": {
                                "SubprocessEnvManager._take_step": {
                                    "total": 4.689152267019381,
                                    "count": 3271,
                                    "self": 0.15895374899628223,
                                    "children": {
                                        "TorchPolicy.evaluate": {
                                            "total": 4.530198518023099,
                                            "count": 3271,
                                            "self": 4.530198518023099
                                        }
                                    }
                                },
                                "workers": {
                                    "total": 0.0451088100708148,
                                    "count": 3270,
                                    "self": 0.0,
                                    "children": {
                                        "worker_root": {
                                            "total": 59.53951006609714,
                                            "count": 3270,
                                            "is_parallel": true,
                                            "self": 14.334533034216292,
                                            "children": {
                                                "run_training.setup": {
                                                    "total": 0.0,
                                                    "count": 0,
                                                    "is_parallel": true,
                                                    "self": 0.0,
                                                    "children": {
                                                        "steps_from_proto": {
                                                            "total": 0.002026525999099249,
                                                            "count": 1,
                                                            "is_parallel": true,
                                                            "self": 0.0009127610028372146,
                                                            "children": {
                                                                "_process_rank_one_or_two_observation": {
                                                                    "total": 0.0011137649962620344,
                                                                    "count": 2,
                                                                    "is_parallel": true,
                                                                    "self": 0.0011137649962620344
                                                                }
                                                            }
                                                        },
                                                        "UnityEnvironment.step": {
                                                            "total": 0.03833009300069534,
                                                            "count": 1,
                                                            "is_parallel": true,
                                                            "self": 0.00010210899927187711,
                                                            "children": {
                                                                "UnityEnvironment._generate_step_input": {
                                                                    "total": 0.0001498100027674809,
                                                                    "count": 1,
                                                                    "is_parallel": true,
                                                                    "self": 0.0001498100027674809
                                                                },
                                                                "communicator.exchange": {
                                                                    "total": 0.03775808900172706,
                                                                    "count": 1,
                                                                    "is_parallel": true,
                                                                    "self": 0.03775808900172706
                                                                },
                                                                "steps_from_proto": {
                                                                    "total": 0.00032008499692892656,
                                                                    "count": 1,
                                                                    "is_parallel": true,
                                                                    "self": 0.00018535999697633088,
                                                                    "children": {
                                                                        "_process_rank_one_or_two_observation": {
                                                                            "total": 0.00013472499995259568,
                                                                            "count": 2,
                                                                            "is_parallel": true,
                                                                            "self": 0.00013472499995259568
                                                                        }
                                                                    }
                                                                }
                                                            }
                                                        }
                                                    }
                                                },
                                                "UnityEnvironment.step": {
                                                    "total": 45.204977031880844,
                                                    "count": 3269,
                                                    "is_parallel": true,
                                                    "self": 0.2927881958166836,