{
    "name": "root",
    "metadata": {
        "timer_format_version": "0.1.0",
        "start_time_seconds": "1671949551",
        "python_version": "3.8.15 (default, Nov 24 2022, 15:19:38) \n[GCC 11.2.0]",
        "command_line_arguments": "/home/yueqi/anaconda3/envs/unity-drl/bin/mlagents-learn Hand.yaml --run-id=0025",
        "mlagents_version": "0.31.0.dev0",
        "mlagents_envs_version": "0.31.0.dev0",
        "communication_protocol_version": "1.5.0",
        "pytorch_version": "1.8.1+cu102",
        "numpy_version": "1.21.2",
        "end_time_seconds": "1671949652"
    },
    "total": 101.18562441199902,
    "count": 1,
    "self": 0.0036335240001790226,
    "children": {
        "run_training.setup": {
            "total": 0.014079377004236449,
            "count": 1,
            "self": 0.014079377004236449
        },
        "TrainerController.start_learning": {
            "total": 101.1679115109946,
            "count": 1,
            "self": 0.13786162347969366,
            "children": {
                "TrainerController._reset_env": {
                    "total": 7.144876192993252,
                    "count": 1,
                    "self": 7.144876192993252
                },
                "TrainerController.advance": {
                    "total": 93.78560624951933,
                    "count": 5741,
                    "self": 0.11960354845359689,
                    "children": {
                        "env_step": {
                            "total": 93.23201165957289,
                            "count": 5741,
                            "self": 83.73241265455727,
                            "children": {
                                "SubprocessEnvManager._take_step": {
                                    "total": 9.425558889037347,
                                    "count": 5741,
                                    "self": 0.28664481347368564,
                                    "children": {
                                        "TorchPolicy.evaluate": {
                                            "total": 9.138914075563662,
                                            "count": 5741,
                                            "self": 9.138914075563662
                                        }
                                    }
                                },
                                "workers": {
                                    "total": 0.07404011597827775,
                                    "count": 5740,
                                    "self": 0.0,
                                    "children": {
                                        "worker_root": {
                                            "total": 53.63578660575877,
                                            "count": 5740,
                                            "is_parallel": true,
                                            "self": 21.877210756785644,
                                            "children": {
                                                "run_training.setup": {
                                                    "total": 0.0,
                                                    "count": 0,
                                                    "is_parallel": true,
                                                    "self": 0.0,
                                                    "children": {
                                                        "steps_from_proto": {
                                                            "total": 0.0006080300008761697,
                                                            "count": 1,
                                                            "is_parallel": true,
                                                            "self": 0.0002789410063996911,
                                                            "children": {
                                                                "_process_rank_one_or_two_observation": {
                                                                    "total": 0.00032908899447647855,
                                                                    "count": 2,
                                                                    "is_parallel": true,
                                                                    "self": 0.00032908899447647855
                                                                }
                                                            }
                                                        },
                                                        "UnityEnvironment.step": {
                                                            "total": 0.03166125900315819,
                                                            "count": 1,
                                                            "is_parallel": true,
                                                            "self": 9.294700430473313e-05,
                                                            "children": {
                                                                "UnityEnvironment._generate_step_input": {
                                                                    "total": 0.00012030899961246178,
                                                                    "count": 1,
                                                                    "is_parallel": true,
                                                                    "self": 0.00012030899961246178
                                                                },
                                                                "communicator.exchange": {
                                                                    "total": 0.03118187499785563,
                                                                    "count": 1,
                                                                    "is_parallel": true,
                                                                    "self": 0.03118187499785563
                                                                },
                                                                "steps_from_proto": {
                                                                    "total": 0.0002661280013853684,
                                                                    "count": 1,
                                                                    "is_parallel": true,
                                                                    "self": 0.00015328300651162863,
                                                                    "children": {
                                                                        "_process_rank_one_or_two_observation": {
                                                                            "total": 0.00011284499487373978,
                                                                            "count": 2,
                                                                            "is_parallel": true,
                                                                            "self": 0.00011284499487373978
                                                                        }
                                                                    }
                                                                }
                                                            }
                                                        }
                                                    }
                                                },
                                                "UnityEnvironment.step": {
                                                    "total": 31.758575848973123,
                                                    "count": 5739,
                                                    "is_parallel": true,
                                                    "self": 0.5202574199429364,