{
    "name": "root",
    "metadata": {
        "timer_format_version": "0.1.0",
        "start_time_seconds": "1671994534",
        "python_version": "3.8.15 (default, Nov 24 2022, 15:19:38) \n[GCC 11.2.0]",
        "command_line_arguments": "/home/yueqi/anaconda3/envs/unity-drl/bin/mlagents-learn Hand.yaml --run-id=1255",
        "mlagents_version": "0.31.0.dev0",
        "mlagents_envs_version": "0.31.0.dev0",
        "communication_protocol_version": "1.5.0",
        "pytorch_version": "1.8.1+cu102",
        "numpy_version": "1.21.2",
        "end_time_seconds": "1671994567"
    },
    "total": 33.052224272993044,
    "count": 1,
    "self": 0.00326310598757118,
    "children": {
        "run_training.setup": {
            "total": 0.00900936200923752,
            "count": 1,
            "self": 0.00900936200923752
        },
        "TrainerController.start_learning": {
            "total": 33.039951804996235,
            "count": 1,
            "self": 0.04708348291751463,
            "children": {
                "TrainerController._reset_env": {
                    "total": 5.77932616599719,
                    "count": 1,
                    "self": 5.77932616599719
                },
                "TrainerController.advance": {
                    "total": 27.08570262909052,
                    "count": 2057,
                    "self": 0.04025410205940716,
                    "children": {
                        "env_step": {
                            "total": 26.889322233895655,
                            "count": 2057,
                            "self": 23.46703804304707,
                            "children": {
                                "SubprocessEnvManager._take_step": {
                                    "total": 3.3970778222719673,
                                    "count": 2057,
                                    "self": 0.10353444445354398,
                                    "children": {
                                        "TorchPolicy.evaluate": {
                                            "total": 3.2935433778184233,
                                            "count": 2057,
                                            "self": 3.2935433778184233
                                        }
                                    }
                                },
                                "workers": {
                                    "total": 0.025206368576618843,
                                    "count": 2056,
                                    "self": 0.0,
                                    "children": {
                                        "worker_root": {
                                            "total": 20.058175723155728,
                                            "count": 2056,
                                            "is_parallel": true,
                                            "self": 11.076947225126787,
                                            "children": {
                                                "run_training.setup": {
                                                    "total": 0.0,
                                                    "count": 0,
                                                    "is_parallel": true,
                                                    "self": 0.0,
                                                    "children": {
                                                        "steps_from_proto": {
                                                            "total": 0.0005000980017939582,
                                                            "count": 1,
                                                            "is_parallel": true,
                                                            "self": 0.00022750099014956504,
                                                            "children": {
                                                                "_process_rank_one_or_two_observation": {
                                                                    "total": 0.0002725970116443932,
                                                                    "count": 2,
                                                                    "is_parallel": true,
                                                                    "self": 0.0002725970116443932
                                                                }
                                                            }
                                                        },
                                                        "UnityEnvironment.step": {
                                                            "total": 0.04574735800269991,
                                                            "count": 1,
                                                            "is_parallel": true,
                                                            "self": 9.260499791707844e-05,
                                                            "children": {
                                                                "UnityEnvironment._generate_step_input": {
                                                                    "total": 0.00016653600323479623,
                                                                    "count": 1,
                                                                    "is_parallel": true,
                                                                    "self": 0.00016653600323479623
                                                                },
                                                                "communicator.exchange": {
                                                                    "total": 0.045229505994939245,
                                                                    "count": 1,
                                                                    "is_parallel": true,
                                                                    "self": 0.045229505994939245
                                                                },
                                                                "steps_from_proto": {
                                                                    "total": 0.00025871100660879165,
                                                                    "count": 1,
                                                                    "is_parallel": true,
                                                                    "self": 0.00014674801786895841,
                                                                    "children": {
                                                                        "_process_rank_one_or_two_observation": {
                                                                            "total": 0.00011196298873983324,
                                                                            "count": 2,
                                                                            "is_parallel": true,
                                                                            "self": 0.00011196298873983324
                                                                        }
                                                                    }
                                                                }
                                                            }
                                                        }
                                                    }
                                                },
                                                "UnityEnvironment.step": {
                                                    "total": 8.98122849802894,
                                                    "count": 2055,
                                                    "is_parallel": true,
                                                    "self": 0.1799068143882323,