{
    "name": "root",
    "metadata": {
        "timer_format_version": "0.1.0",
        "start_time_seconds": "1671852474",
        "python_version": "3.9.15 (main, Nov 24 2022, 14:31:59) \n[GCC 11.2.0]",
        "command_line_arguments": "/home/bryanat/anaconda3/envs/Unity1/bin/mlagents-learn Hand.yaml --run-id=HandSim004",
        "mlagents_version": "0.30.0",
        "mlagents_envs_version": "0.30.0",
        "communication_protocol_version": "1.5.0",
        "pytorch_version": "1.11.0+cu102",
        "numpy_version": "1.21.2",
        "end_time_seconds": "1671852812"
    },
    "total": 337.3299168250087,
    "count": 1,
    "self": 0.0061328870069701225,
    "children": {
        "run_training.setup": {
            "total": 0.010557190005783923,
            "count": 1,
            "self": 0.010557190005783923
        },
        "TrainerController.start_learning": {
            "total": 337.31322674799594,
            "count": 1,
            "self": 0.29299689148319885,
            "children": {
                "TrainerController._reset_env": {
                    "total": 10.331147352990229,
                    "count": 1,
                    "self": 10.331147352990229
                },
                "TrainerController.advance": {
                    "total": 326.4506805005367,
                    "count": 11534,
                    "self": 0.2955494494672166,
                    "children": {
                        "env_step": {
                            "total": 325.0958979813295,
                            "count": 11534,
                            "self": 294.3001357089379,
                            "children": {
                                "SubprocessEnvManager._take_step": {
                                    "total": 30.60848682418873,
                                    "count": 11534,
                                    "self": 0.9018167882750276,
                                    "children": {
                                        "TorchPolicy.evaluate": {
                                            "total": 29.706670035913703,
                                            "count": 11534,
                                            "self": 29.706670035913703
                                        }
                                    }
                                },
                                "workers": {
                                    "total": 0.18727544820285402,
                                    "count": 11533,
                                    "self": 0.0,
                                    "children": {
                                        "worker_root": {
                                            "total": 322.97148250117607,
                                            "count": 11533,
                                            "is_parallel": true,
                                            "self": 56.60728360178473,
                                            "children": {
                                                "run_training.setup": {
                                                    "total": 0.0,
                                                    "count": 0,
                                                    "is_parallel": true,
                                                    "self": 0.0,
                                                    "children": {
                                                        "steps_from_proto": {
                                                            "total": 0.0009207469993270934,
                                                            "count": 1,
                                                            "is_parallel": true,
                                                            "self": 0.00044901900400873274,
                                                            "children": {
                                                                "_process_rank_one_or_two_observation": {
                                                                    "total": 0.0004717279953183606,
                                                                    "count": 2,
                                                                    "is_parallel": true,
                                                                    "self": 0.0004717279953183606
                                                                }
                                                            }
                                                        },
                                                        "UnityEnvironment.step": {
                                                            "total": 0.028135168002336286,
                                                            "count": 1,
                                                            "is_parallel": true,
                                                            "self": 0.00017869299335870892,
                                                            "children": {
                                                                "UnityEnvironment._generate_step_input": {
                                                                    "total": 0.0001298790011787787,
                                                                    "count": 1,
                                                                    "is_parallel": true,
                                                                    "self": 0.0001298790011787787
                                                                },
                                                                "communicator.exchange": {
                                                                    "total": 0.027434895004262216,
                                                                    "count": 1,
                                                                    "is_parallel": true,
                                                                    "self": 0.027434895004262216
                                                                },
                                                                "steps_from_proto": {
                                                                    "total": 0.000391701003536582,
                                                                    "count": 1,
                                                                    "is_parallel": true,
                                                                    "self": 0.00025293900398537517,
                                                                    "children": {
                                                                        "_process_rank_one_or_two_observation": {
                                                                            "total": 0.00013876199955120683,
                                                                            "count": 2,
                                                                            "is_parallel": true,
                                                                            "self": 0.00013876199955120683
                                                                        }
                                                                    }
                                                                }
                                                            }
                                                        }
                                                    }
                                                },
                                                "UnityEnvironment.step": {
                                                    "total": 266.36419889939134,
                                                    "count": 11532,
                                                    "is_parallel": true,
                                                    "self": 1.2247196936077671,