{
    "name": "root",
    "metadata": {
        "timer_format_version": "0.1.0",
        "start_time_seconds": "1671931847",
        "python_version": "3.8.15 (default, Nov 24 2022, 15:19:38) \n[GCC 11.2.0]",
        "command_line_arguments": "/home/yueqi/anaconda3/envs/unity-drl/bin/mlagents-learn Hand.yaml --run-id=1930",
        "mlagents_version": "0.31.0.dev0",
        "mlagents_envs_version": "0.31.0.dev0",
        "communication_protocol_version": "1.5.0",
        "pytorch_version": "1.8.1+cu102",
        "numpy_version": "1.21.2",
        "end_time_seconds": "1671931934"
    },
    "total": 86.44294072699995,
    "count": 1,
    "self": 0.0034484939988033148,
    "children": {
        "run_training.setup": {
            "total": 0.011973382999713067,
            "count": 1,
            "self": 0.011973382999713067
        },
        "TrainerController.start_learning": {
            "total": 86.42751885000143,
            "count": 1,
            "self": 0.07382161996793002,
            "children": {
                "TrainerController._reset_env": {
                    "total": 5.142811519001043,
                    "count": 1,
                    "self": 5.142811519001043
                },
                "TrainerController.advance": {
                    "total": 81.11669818003247,
                    "count": 3351,
                    "self": 0.06061384908934997,
                    "children": {
                        "env_step": {
                            "total": 80.81426582003405,
                            "count": 3351,
                            "self": 75.28970381189538,
                            "children": {
                                "SubprocessEnvManager._take_step": {
                                    "total": 5.481136146989229,
                                    "count": 3351,
                                    "self": 0.15904759095610643,
                                    "children": {
                                        "TorchPolicy.evaluate": {
                                            "total": 5.322088556033123,
                                            "count": 3351,
                                            "self": 5.322088556033123
                                        }
                                    }
                                },
                                "workers": {
                                    "total": 0.043425861149444245,
                                    "count": 3350,
                                    "self": 0.0,
                                    "children": {
                                        "worker_root": {
                                            "total": 26.161151274960503,
                                            "count": 3350,
                                            "is_parallel": true,
                                            "self": 13.609416325885832,
                                            "children": {
                                                "run_training.setup": {
                                                    "total": 0.0,
                                                    "count": 0,
                                                    "is_parallel": true,
                                                    "self": 0.0,
                                                    "children": {
                                                        "steps_from_proto": {
                                                            "total": 0.0006699099994875723,
                                                            "count": 1,
                                                            "is_parallel": true,
                                                            "self": 0.0003121610006928677,
                                                            "children": {
                                                                "_process_rank_one_or_two_observation": {
                                                                    "total": 0.0003577489987947047,
                                                                    "count": 2,
                                                                    "is_parallel": true,
                                                                    "self": 0.0003577489987947047
                                                                }
                                                            }
                                                        },
                                                        "UnityEnvironment.step": {
                                                            "total": 0.020860405998973874,
                                                            "count": 1,
                                                            "is_parallel": true,
                                                            "self": 9.877699994831346e-05,
                                                            "children": {
                                                                "UnityEnvironment._generate_step_input": {
                                                                    "total": 0.0002503539999452187,
                                                                    "count": 1,
                                                                    "is_parallel": true,
                                                                    "self": 0.0002503539999452187
                                                                },
                                                                "communicator.exchange": {
                                                                    "total": 0.020240290999936406,
                                                                    "count": 1,
                                                                    "is_parallel": true,
                                                                    "self": 0.020240290999936406
                                                                },
                                                                "steps_from_proto": {
                                                                    "total": 0.00027098399914393667,
                                                                    "count": 1,
                                                                    "is_parallel": true,
                                                                    "self": 0.00015876199904596433,
                                                                    "children": {
                                                                        "_process_rank_one_or_two_observation": {
                                                                            "total": 0.00011222200009797234,
                                                                            "count": 2,
                                                                            "is_parallel": true,
                                                                            "self": 0.00011222200009797234
                                                                        }
                                                                    }
                                                                }
                                                            }
                                                        }
                                                    }
                                                },
                                                "UnityEnvironment.step": {
                                                    "total": 12.551734949074671,
                                                    "count": 3349,
                                                    "is_parallel": true,
                                                    "self": 0.2831941560834821,