{
    "name": "root",
    "metadata": {
        "timer_format_version": "0.1.0",
        "start_time_seconds": "1671846487",
        "python_version": "3.8.15 (default, Nov 24 2022, 15:19:38) \n[GCC 11.2.0]",
        "command_line_arguments": "/home/yueqi/anaconda3/envs/unity-drl/bin/mlagents-learn Hand.yaml --run-id=hand1948",
        "mlagents_version": "0.31.0.dev0",
        "mlagents_envs_version": "0.31.0.dev0",
        "communication_protocol_version": "1.5.0",
        "pytorch_version": "1.8.1+cu102",
        "numpy_version": "1.21.2",
        "end_time_seconds": "1671846585"
    },
    "total": 98.04111279100107,
    "count": 1,
    "self": 0.00360753400309477,
    "children": {
        "run_training.setup": {
            "total": 0.009936591999576194,
            "count": 1,
            "self": 0.009936591999576194
        },
        "TrainerController.start_learning": {
            "total": 98.0275686649984,
            "count": 1,
            "self": 0.10973494993231725,
            "children": {
                "TrainerController._reset_env": {
                    "total": 6.342451043998153,
                    "count": 1,
                    "self": 6.342451043998153
                },
                "TrainerController.advance": {
                    "total": 91.36920767406627,
                    "count": 4181,
                    "self": 0.09196686996438075,
                    "children": {
                        "env_step": {
                            "total": 90.90175362907758,
                            "count": 4181,
                            "self": 83.11965272316229,
                            "children": {
                                "SubprocessEnvManager._take_step": {
                                    "total": 7.722694818934542,
                                    "count": 4181,
                                    "self": 0.2226510371110635,
                                    "children": {
                                        "TorchPolicy.evaluate": {
                                            "total": 7.500043781823479,
                                            "count": 4181,
                                            "self": 7.500043781823479
                                        }
                                    }
                                },
                                "workers": {
                                    "total": 0.059406086980743567,
                                    "count": 4180,
                                    "self": 0.0,
                                    "children": {
                                        "worker_root": {
                                            "total": 37.587547319017176,
                                            "count": 4180,
                                            "is_parallel": true,
                                            "self": 18.259216130074492,
                                            "children": {
                                                "run_training.setup": {
                                                    "total": 0.0,
                                                    "count": 0,
                                                    "is_parallel": true,
                                                    "self": 0.0,
                                                    "children": {
                                                        "steps_from_proto": {
                                                            "total": 0.001545475999591872,
                                                            "count": 1,
                                                            "is_parallel": true,
                                                            "self": 0.000754474000132177,
                                                            "children": {
                                                                "_process_rank_one_or_two_observation": {
                                                                    "total": 0.0007910019994596951,
                                                                    "count": 2,
                                                                    "is_parallel": true,
                                                                    "self": 0.0007910019994596951
                                                                }
                                                            }
                                                        },
                                                        "UnityEnvironment.step": {
                                                            "total": 0.027052133998950012,
                                                            "count": 1,
                                                            "is_parallel": true,
                                                            "self": 0.00016482599676237442,
                                                            "children": {
                                                                "UnityEnvironment._generate_step_input": {
                                                                    "total": 0.0001409090000379365,
                                                                    "count": 1,
                                                                    "is_parallel": true,
                                                                    "self": 0.0001409090000379365
                                                                },
                                                                "communicator.exchange": {
                                                                    "total": 0.02635629300129949,
                                                                    "count": 1,
                                                                    "is_parallel": true,
                                                                    "self": 0.02635629300129949
                                                                },
                                                                "steps_from_proto": {
                                                                    "total": 0.00039010600085020997,
                                                                    "count": 1,
                                                                    "is_parallel": true,
                                                                    "self": 0.00018985300266649574,
                                                                    "children": {
                                                                        "_process_rank_one_or_two_observation": {
                                                                            "total": 0.00020025299818371423,
                                                                            "count": 2,
                                                                            "is_parallel": true,
                                                                            "self": 0.00020025299818371423
                                                                        }
                                                                    }
                                                                }
                                                            }
                                                        }
                                                    }
                                                },
                                                "UnityEnvironment.step": {
                                                    "total": 19.328331188942684,
                                                    "count": 4179,
                                                    "is_parallel": true,
                                                    "self": 0.37892778277091566,