{
    "name": "root",
    "metadata": {
        "timer_format_version": "0.1.0",
        "start_time_seconds": "1671932471",
        "python_version": "3.8.15 (default, Nov 24 2022, 15:19:38) \n[GCC 11.2.0]",
        "command_line_arguments": "/home/yueqi/anaconda3/envs/unity-drl/bin/mlagents-learn Hand.yaml --run-id=1941",
        "mlagents_version": "0.31.0.dev0",
        "mlagents_envs_version": "0.31.0.dev0",
        "communication_protocol_version": "1.5.0",
        "pytorch_version": "1.8.1+cu102",
        "numpy_version": "1.21.2",
        "end_time_seconds": "1671932554"
    },
    "total": 82.73126976799904,
    "count": 1,
    "self": 0.004334159999416443,
    "children": {
        "run_training.setup": {
            "total": 0.01598309499968309,
            "count": 1,
            "self": 0.01598309499968309
        },
        "TrainerController.start_learning": {
            "total": 82.71095251299994,
            "count": 1,
            "self": 0.08977826400223421,
            "children": {
                "TrainerController._reset_env": {
                    "total": 4.450995014001819,
                    "count": 1,
                    "self": 4.450995014001819
                },
                "TrainerController.advance": {
                    "total": 78.06149764599832,
                    "count": 3987,
                    "self": 0.07522989116841927,
                    "children": {
                        "env_step": {
                            "total": 77.70362235095308,
                            "count": 3987,
                            "self": 71.11928658797115,
                            "children": {
                                "SubprocessEnvManager._take_step": {
                                    "total": 6.5348139189627545,
                                    "count": 3987,
                                    "self": 0.18167218902453897,
                                    "children": {
                                        "TorchPolicy.evaluate": {
                                            "total": 6.353141729938216,
                                            "count": 3987,
                                            "self": 6.353141729938216
                                        }
                                    }
                                },
                                "workers": {
                                    "total": 0.049521844019182026,
                                    "count": 3986,
                                    "self": 0.0,
                                    "children": {
                                        "worker_root": {
                                            "total": 28.93570051412462,
                                            "count": 3986,
                                            "is_parallel": true,
                                            "self": 14.47321286596707,
                                            "children": {
                                                "run_training.setup": {
                                                    "total": 0.0,
                                                    "count": 0,
                                                    "is_parallel": true,
                                                    "self": 0.0,
                                                    "children": {
                                                        "steps_from_proto": {
                                                            "total": 0.0008208050021494273,
                                                            "count": 1,
                                                            "is_parallel": true,
                                                            "self": 0.0003794490003201645,
                                                            "children": {
                                                                "_process_rank_one_or_two_observation": {
                                                                    "total": 0.0004413560018292628,
                                                                    "count": 2,
                                                                    "is_parallel": true,
                                                                    "self": 0.0004413560018292628
                                                                }
                                                            }
                                                        },
                                                        "UnityEnvironment.step": {
                                                            "total": 0.02045561699924292,
                                                            "count": 1,
                                                            "is_parallel": true,
                                                            "self": 0.00015557599908788688,
                                                            "children": {
                                                                "UnityEnvironment._generate_step_input": {
                                                                    "total": 0.00011835400073323399,
                                                                    "count": 1,
                                                                    "is_parallel": true,
                                                                    "self": 0.00011835400073323399
                                                                },
                                                                "communicator.exchange": {
                                                                    "total": 0.01971739800137584,
                                                                    "count": 1,
                                                                    "is_parallel": true,
                                                                    "self": 0.01971739800137584
                                                                },
                                                                "steps_from_proto": {
                                                                    "total": 0.0004642889980459586,
                                                                    "count": 1,
                                                                    "is_parallel": true,
                                                                    "self": 0.0002224809977633413,
                                                                    "children": {
                                                                        "_process_rank_one_or_two_observation": {
                                                                            "total": 0.00024180800028261729,
                                                                            "count": 2,
                                                                            "is_parallel": true,
                                                                            "self": 0.00024180800028261729
                                                                        }
                                                                    }
                                                                }
                                                            }
                                                        }
                                                    }
                                                },
                                                "UnityEnvironment.step": {
                                                    "total": 14.462487648157548,
                                                    "count": 3985,
                                                    "is_parallel": true,
                                                    "self": 0.33124157221755013,