{
    "name": "root",
    "metadata": {
        "timer_format_version": "0.1.0",
        "start_time_seconds": "1671847732",
        "python_version": "3.8.15 (default, Nov 24 2022, 15:19:38) \n[GCC 11.2.0]",
        "command_line_arguments": "/home/yueqi/anaconda3/envs/unity-drl/bin/mlagents-learn Hand.yaml --run-id=hand2008",
        "mlagents_version": "0.31.0.dev0",
        "mlagents_envs_version": "0.31.0.dev0",
        "communication_protocol_version": "1.5.0",
        "pytorch_version": "1.8.1+cu102",
        "numpy_version": "1.21.2",
        "end_time_seconds": "1671847857"
    },
    "total": 124.8838703620022,
    "count": 1,
    "self": 0.004100064998056041,
    "children": {
        "run_training.setup": {
            "total": 0.013651529003254836,
            "count": 1,
            "self": 0.013651529003254836
        },
        "TrainerController.start_learning": {
            "total": 124.86611876800089,
            "count": 1,
            "self": 0.2015487512180698,
            "children": {
                "TrainerController._reset_env": {
                    "total": 5.991925480000646,
                    "count": 1,
                    "self": 5.991925480000646
                },
                "TrainerController.advance": {
                    "total": 118.44493958278326,
                    "count": 9277,
                    "self": 0.15875042966581532,
                    "children": {
                        "env_step": {
                            "total": 117.54515721292046,
                            "count": 9277,
                            "self": 103.08303487593366,
                            "children": {
                                "SubprocessEnvManager._take_step": {
                                    "total": 14.34258002489878,
                                    "count": 9277,
                                    "self": 0.41733165203913813,
                                    "children": {
                                        "TorchPolicy.evaluate": {
                                            "total": 13.925248372859642,
                                            "count": 9277,
                                            "self": 13.925248372859642
                                        }
                                    }
                                },
                                "workers": {
                                    "total": 0.11954231208801502,
                                    "count": 9276,
                                    "self": 0.0,
                                    "children": {
                                        "worker_root": {
                                            "total": 64.20245000907016,
                                            "count": 9276,
                                            "is_parallel": true,
                                            "self": 28.33257029908782,
                                            "children": {
                                                "run_training.setup": {
                                                    "total": 0.0,
                                                    "count": 0,
                                                    "is_parallel": true,
                                                    "self": 0.0,
                                                    "children": {
                                                        "steps_from_proto": {
                                                            "total": 0.0053619120008079335,
                                                            "count": 1,
                                                            "is_parallel": true,
                                                            "self": 0.000668029002554249,
                                                            "children": {
                                                                "_process_rank_one_or_two_observation": {
                                                                    "total": 0.0046938829982536845,
                                                                    "count": 2,
                                                                    "is_parallel": true,
                                                                    "self": 0.0046938829982536845
                                                                }
                                                            }
                                                        },
                                                        "UnityEnvironment.step": {
                                                            "total": 0.017941842001164332,
                                                            "count": 1,
                                                            "is_parallel": true,
                                                            "self": 0.00018302500029676594,
                                                            "children": {
                                                                "UnityEnvironment._generate_step_input": {
                                                                    "total": 0.00016544200116186403,
                                                                    "count": 1,
                                                                    "is_parallel": true,
                                                                    "self": 0.00016544200116186403
                                                                },
                                                                "communicator.exchange": {
                                                                    "total": 0.01695995200134348,
                                                                    "count": 1,
                                                                    "is_parallel": true,
                                                                    "self": 0.01695995200134348
                                                                },
                                                                "steps_from_proto": {
                                                                    "total": 0.0006334229983622208,
                                                                    "count": 1,
                                                                    "is_parallel": true,
                                                                    "self": 0.00034047999724862166,
                                                                    "children": {
                                                                        "_process_rank_one_or_two_observation": {
                                                                            "total": 0.00029294300111359917,
                                                                            "count": 2,
                                                                            "is_parallel": true,
                                                                            "self": 0.00029294300111359917
                                                                        }
                                                                    }
                                                                }
                                                            }
                                                        }
                                                    }
                                                },
                                                "UnityEnvironment.step": {
                                                    "total": 35.86987970998234,
                                                    "count": 9275,
                                                    "is_parallel": true,
                                                    "self": 0.7345904389148927,