{
    "name": "root",
    "metadata": {
        "timer_format_version": "0.1.0",
        "start_time_seconds": "1671946280",
        "python_version": "3.8.15 (default, Nov 24 2022, 15:19:38) \n[GCC 11.2.0]",
        "command_line_arguments": "/home/yueqi/anaconda3/envs/unity-drl/bin/mlagents-learn Hand.yaml --run-id=2331",
        "mlagents_version": "0.31.0.dev0",
        "mlagents_envs_version": "0.31.0.dev0",
        "communication_protocol_version": "1.5.0",
        "pytorch_version": "1.8.1+cu102",
        "numpy_version": "1.21.2",
        "end_time_seconds": "1671946381"
    },
    "total": 101.05898484900172,
    "count": 1,
    "self": 0.0033215959992958233,
    "children": {
        "run_training.setup": {
            "total": 0.016554971000005025,
            "count": 1,
            "self": 0.016554971000005025
        },
        "TrainerController.start_learning": {
            "total": 101.03910828200242,
            "count": 1,
            "self": 0.12252484110649675,
            "children": {
                "TrainerController._reset_env": {
                    "total": 9.026925389000098,
                    "count": 1,
                    "self": 9.026925389000098
                },
                "TrainerController.advance": {
                    "total": 91.75456454389496,
                    "count": 5371,
                    "self": 0.10038031982549,
                    "children": {
                        "env_step": {
                            "total": 91.20845732606176,
                            "count": 5371,
                            "self": 82.23331997617424,
                            "children": {
                                "SubprocessEnvManager._take_step": {
                                    "total": 8.907917114949669,
                                    "count": 5371,
                                    "self": 0.2560347588296281,
                                    "children": {
                                        "TorchPolicy.evaluate": {
                                            "total": 8.65188235612004,
                                            "count": 5371,
                                            "self": 8.65188235612004
                                        }
                                    }
                                },
                                "workers": {
                                    "total": 0.06722023493784945,
                                    "count": 5370,
                                    "self": 0.0,
                                    "children": {
                                        "worker_root": {
                                            "total": 40.66824931395968,
                                            "count": 5370,
                                            "is_parallel": true,
                                            "self": 22.67965177705264,
                                            "children": {
                                                "run_training.setup": {
                                                    "total": 0.0,
                                                    "count": 0,
                                                    "is_parallel": true,
                                                    "self": 0.0,
                                                    "children": {
                                                        "steps_from_proto": {
                                                            "total": 0.008489390998875024,
                                                            "count": 1,
                                                            "is_parallel": true,
                                                            "self": 0.008113130999845453,
                                                            "children": {
                                                                "_process_rank_one_or_two_observation": {
                                                                    "total": 0.0003762599990295712,
                                                                    "count": 2,
                                                                    "is_parallel": true,
                                                                    "self": 0.0003762599990295712
                                                                }
                                                            }
                                                        },
                                                        "UnityEnvironment.step": {
                                                            "total": 0.02819652800098993,
                                                            "count": 1,
                                                            "is_parallel": true,
                                                            "self": 0.00010930800272035412,
                                                            "children": {
                                                                "UnityEnvironment._generate_step_input": {
                                                                    "total": 0.00013346199921215884,
                                                                    "count": 1,
                                                                    "is_parallel": true,
                                                                    "self": 0.00013346199921215884
                                                                },
                                                                "communicator.exchange": {
                                                                    "total": 0.02755315199829056,
                                                                    "count": 1,
                                                                    "is_parallel": true,
                                                                    "self": 0.02755315199829056
                                                                },
                                                                "steps_from_proto": {
                                                                    "total": 0.0004006060007668566,
                                                                    "count": 1,
                                                                    "is_parallel": true,
                                                                    "self": 0.0002258160020573996,
                                                                    "children": {
                                                                        "_process_rank_one_or_two_observation": {
                                                                            "total": 0.000174789998709457,
                                                                            "count": 2,
                                                                            "is_parallel": true,
                                                                            "self": 0.000174789998709457
                                                                        }
                                                                    }
                                                                }
                                                            }
                                                        }
                                                    }
                                                },
                                                "UnityEnvironment.step": {
                                                    "total": 17.988597536907037,
                                                    "count": 5369,
                                                    "is_parallel": true,
                                                    "self": 0.42384996253531426,