{
    "name": "root",
    "metadata": {
        "timer_format_version": "0.1.0",
        "start_time_seconds": "1671847365",
        "python_version": "3.8.15 (default, Nov 24 2022, 15:19:38) \n[GCC 11.2.0]",
        "command_line_arguments": "/home/yueqi/anaconda3/envs/unity-drl/bin/mlagents-learn Hand.yaml --run-id=hand2002",
        "mlagents_version": "0.31.0.dev0",
        "mlagents_envs_version": "0.31.0.dev0",
        "communication_protocol_version": "1.5.0",
        "pytorch_version": "1.8.1+cu102",
        "numpy_version": "1.21.2",
        "end_time_seconds": "1671847454"
    },
    "total": 88.88189545400019,
    "count": 1,
    "self": 0.0052576329981093295,
    "children": {
        "run_training.setup": {
            "total": 0.010194866001256742,
            "count": 1,
            "self": 0.010194866001256742
        },
        "TrainerController.start_learning": {
            "total": 88.86644295500082,
            "count": 1,
            "self": 0.06273414405950462,
            "children": {
                "TrainerController._reset_env": {
                    "total": 8.190696105000825,
                    "count": 1,
                    "self": 8.190696105000825
                },
                "TrainerController.advance": {
                    "total": 80.31184790993939,
                    "count": 2761,
                    "self": 0.04729394988316926,
                    "children": {
                        "env_step": {
                            "total": 80.05741834604487,
                            "count": 2761,
                            "self": 75.48898321699016,
                            "children": {
                                "SubprocessEnvManager._take_step": {
                                    "total": 4.5331003160827095,
                                    "count": 2761,
                                    "self": 0.1237127450913249,
                                    "children": {
                                        "TorchPolicy.evaluate": {
                                            "total": 4.409387570991385,
                                            "count": 2761,
                                            "self": 4.409387570991385
                                        }
                                    }
                                },
                                "workers": {
                                    "total": 0.03533481297199614,
                                    "count": 2760,
                                    "self": 0.0,
                                    "children": {
                                        "worker_root": {
                                            "total": 28.35949847296797,
                                            "count": 2760,
                                            "is_parallel": true,
                                            "self": 15.17322346189394,
                                            "children": {
                                                "run_training.setup": {
                                                    "total": 0.0,
                                                    "count": 0,
                                                    "is_parallel": true,
                                                    "self": 0.0,
                                                    "children": {
                                                        "steps_from_proto": {
                                                            "total": 0.001522591002867557,
                                                            "count": 1,
                                                            "is_parallel": true,
                                                            "self": 0.0006675580007140525,
                                                            "children": {
                                                                "_process_rank_one_or_two_observation": {
                                                                    "total": 0.0008550330021535046,
                                                                    "count": 2,
                                                                    "is_parallel": true,
                                                                    "self": 0.0008550330021535046
                                                                }
                                                            }
                                                        },
                                                        "UnityEnvironment.step": {
                                                            "total": 0.021943391002423596,
                                                            "count": 1,
                                                            "is_parallel": true,
                                                            "self": 0.00011459500819910318,
                                                            "children": {
                                                                "UnityEnvironment._generate_step_input": {
                                                                    "total": 0.00019971699657617137,
                                                                    "count": 1,
                                                                    "is_parallel": true,
                                                                    "self": 0.00019971699657617137
                                                                },
                                                                "communicator.exchange": {
                                                                    "total": 0.021368497000366915,
                                                                    "count": 1,
                                                                    "is_parallel": true,
                                                                    "self": 0.021368497000366915
                                                                },
                                                                "steps_from_proto": {
                                                                    "total": 0.0002605819972814061,
                                                                    "count": 1,
                                                                    "is_parallel": true,
                                                                    "self": 0.00013926299652666785,
                                                                    "children": {
                                                                        "_process_rank_one_or_two_observation": {
                                                                            "total": 0.00012131900075473823,
                                                                            "count": 2,
                                                                            "is_parallel": true,
                                                                            "self": 0.00012131900075473823
                                                                        }
                                                                    }
                                                                }
                                                            }
                                                        }
                                                    }
                                                },
                                                "UnityEnvironment.step": {
                                                    "total": 13.18627501107403,
                                                    "count": 2759,
                                                    "is_parallel": true,
                                                    "self": 0.23034000000188826,