{
    "name": "root",
    "metadata": {
        "timer_format_version": "0.1.0",
        "start_time_seconds": "1671847864",
        "python_version": "3.8.15 (default, Nov 24 2022, 15:19:38) \n[GCC 11.2.0]",
        "command_line_arguments": "/home/yueqi/anaconda3/envs/unity-drl/bin/mlagents-learn Hand.yaml --run-id=hand2011",
        "mlagents_version": "0.31.0.dev0",
        "mlagents_envs_version": "0.31.0.dev0",
        "communication_protocol_version": "1.5.0",
        "pytorch_version": "1.8.1+cu102",
        "numpy_version": "1.21.2",
        "end_time_seconds": "1671847957"
    },
    "total": 93.27425000999938,
    "count": 1,
    "self": 0.004073424996022368,
    "children": {
        "run_training.setup": {
            "total": 0.009274566000385676,
            "count": 1,
            "self": 0.009274566000385676
        },
        "TrainerController.start_learning": {
            "total": 93.26090201900297,
            "count": 1,
            "self": 0.07768024988399702,
            "children": {
                "TrainerController._reset_env": {
                    "total": 13.870574436001334,
                    "count": 1,
                    "self": 13.870574436001334
                },
                "TrainerController.advance": {
                    "total": 79.09862319011881,
                    "count": 3164,
                    "self": 0.059791418148961384,
                    "children": {
                        "env_step": {
                            "total": 78.78650312996615,
                            "count": 3164,
                            "self": 73.81075352698826,
                            "children": {
                                "SubprocessEnvManager._take_step": {
                                    "total": 4.937300862977281,
                                    "count": 3164,
                                    "self": 0.14784031988529023,
                                    "children": {
                                        "TorchPolicy.evaluate": {
                                            "total": 4.789460543091991,
                                            "count": 3164,
                                            "self": 4.789460543091991
                                        }
                                    }
                                },
                                "workers": {
                                    "total": 0.03844874000060372,
                                    "count": 3163,
                                    "self": 0.0,
                                    "children": {
                                        "worker_root": {
                                            "total": 32.839964070964925,
                                            "count": 3163,
                                            "is_parallel": true,
                                            "self": 21.484013123990735,
                                            "children": {
                                                "run_training.setup": {
                                                    "total": 0.0,
                                                    "count": 0,
                                                    "is_parallel": true,
                                                    "self": 0.0,
                                                    "children": {
                                                        "steps_from_proto": {
                                                            "total": 0.00662717700106441,
                                                            "count": 1,
                                                            "is_parallel": true,
                                                            "self": 0.001046710996888578,
                                                            "children": {
                                                                "_process_rank_one_or_two_observation": {
                                                                    "total": 0.0055804660041758325,
                                                                    "count": 2,
                                                                    "is_parallel": true,
                                                                    "self": 0.0055804660041758325
                                                                }
                                                            }
                                                        },
                                                        "UnityEnvironment.step": {
                                                            "total": 0.015765124997415114,
                                                            "count": 1,
                                                            "is_parallel": true,
                                                            "self": 8.254500062321313e-05,
                                                            "children": {
                                                                "UnityEnvironment._generate_step_input": {
                                                                    "total": 0.00011462600014056079,
                                                                    "count": 1,
                                                                    "is_parallel": true,
                                                                    "self": 0.00011462600014056079
                                                                },
                                                                "communicator.exchange": {
                                                                    "total": 0.015326528999139555,
                                                                    "count": 1,
                                                                    "is_parallel": true,
                                                                    "self": 0.015326528999139555
                                                                },
                                                                "steps_from_proto": {
                                                                    "total": 0.00024142499751178548,
                                                                    "count": 1,
                                                                    "is_parallel": true,
                                                                    "self": 0.00013758899513049982,
                                                                    "children": {
                                                                        "_process_rank_one_or_two_observation": {
                                                                            "total": 0.00010383600238128565,
                                                                            "count": 2,
                                                                            "is_parallel": true,
                                                                            "self": 0.00010383600238128565
                                                                        }
                                                                    }
                                                                }
                                                            }
                                                        }
                                                    }
                                                },
                                                "UnityEnvironment.step": {
                                                    "total": 11.35595094697419,
                                                    "count": 3162,
                                                    "is_parallel": true,
                                                    "self": 0.23378717505329405,