{
    "name": "root",
    "metadata": {
        "timer_format_version": "0.1.0",
        "start_time_seconds": "1671767546",
        "python_version": "3.8.15 (default, Nov 24 2022, 15:19:38) \n[GCC 11.2.0]",
        "command_line_arguments": "/home/yueqi/anaconda3/envs/unity-drl/bin/mlagents-learn Hand.yaml --run-id=hand2152",
        "mlagents_version": "0.31.0.dev0",
        "mlagents_envs_version": "0.31.0.dev0",
        "communication_protocol_version": "1.5.0",
        "pytorch_version": "1.8.1+cu102",
        "numpy_version": "1.21.2",
        "end_time_seconds": "1671767588"
    },
    "total": 41.31932034900001,
    "count": 1,
    "self": 0.0033196730000781827,
    "children": {
        "run_training.setup": {
            "total": 0.01786500299999716,
            "count": 1,
            "self": 0.01786500299999716
        },
        "TrainerController.start_learning": {
            "total": 41.29813567299993,
            "count": 1,
            "self": 0.047640653995586035,
            "children": {
                "TrainerController._reset_env": {
                    "total": 4.1491793160000725,
                    "count": 1,
                    "self": 4.1491793160000725
                },
                "TrainerController.advance": {
                    "total": 37.00253750700426,
                    "count": 2511,
                    "self": 0.04011994600432445,
                    "children": {
                        "env_step": {
                            "total": 36.805270840998446,
                            "count": 2511,
                            "self": 33.2274810530032,
                            "children": {
                                "SubprocessEnvManager._take_step": {
                                    "total": 3.5510102609989644,
                                    "count": 2511,
                                    "self": 0.10556063300350615,
                                    "children": {
                                        "TorchPolicy.evaluate": {
                                            "total": 3.4454496279954583,
                                            "count": 2511,
                                            "self": 3.4454496279954583
                                        }
                                    }
                                },
                                "workers": {
                                    "total": 0.026779526996278946,
                                    "count": 2510,
                                    "self": 0.0,
                                    "children": {
                                        "worker_root": {
                                            "total": 25.320596942995508,
                                            "count": 2510,
                                            "is_parallel": true,
                                            "self": 9.68906075599557,
                                            "children": {
                                                "run_training.setup": {
                                                    "total": 0.0,
                                                    "count": 0,
                                                    "is_parallel": true,
                                                    "self": 0.0,
                                                    "children": {
                                                        "steps_from_proto": {
                                                            "total": 0.000545719999990979,
                                                            "count": 1,
                                                            "is_parallel": true,
                                                            "self": 0.00025148399981844705,
                                                            "children": {
                                                                "_process_rank_one_or_two_observation": {
                                                                    "total": 0.00029423600017253193,
                                                                    "count": 2,
                                                                    "is_parallel": true,
                                                                    "self": 0.00029423600017253193
                                                                }
                                                            }
                                                        },
                                                        "UnityEnvironment.step": {
                                                            "total": 0.015969913999924756,
                                                            "count": 1,
                                                            "is_parallel": true,
                                                            "self": 9.158400007436285e-05,
                                                            "children": {
                                                                "UnityEnvironment._generate_step_input": {
                                                                    "total": 0.00012188999994577898,
                                                                    "count": 1,
                                                                    "is_parallel": true,
                                                                    "self": 0.00012188999994577898
                                                                },
                                                                "communicator.exchange": {
                                                                    "total": 0.015510405999975774,
                                                                    "count": 1,
                                                                    "is_parallel": true,
                                                                    "self": 0.015510405999975774
                                                                },
                                                                "steps_from_proto": {
                                                                    "total": 0.0002460339999288408,
                                                                    "count": 1,
                                                                    "is_parallel": true,
                                                                    "self": 0.00014686599979540915,
                                                                    "children": {
                                                                        "_process_rank_one_or_two_observation": {
                                                                            "total": 9.916800013343163e-05,
                                                                            "count": 2,
                                                                            "is_parallel": true,
                                                                            "self": 9.916800013343163e-05
                                                                        }
                                                                    }
                                                                }
                                                            }
                                                        }
                                                    }
                                                },
                                                "UnityEnvironment.step": {
                                                    "total": 15.631536186999938,
                                                    "count": 2509,
                                                    "is_parallel": true,
                                                    "self": 0.19650590299238502,