{
    "name": "root",
    "metadata": {
        "timer_format_version": "0.1.0",
        "start_time_seconds": "1671830088",
        "python_version": "3.8.15 (default, Nov 24 2022, 15:19:38) \n[GCC 11.2.0]",
        "command_line_arguments": "/home/yueqi/anaconda3/envs/unity-drl/bin/mlagents-learn Hand.yaml --run-id=hand1514",
        "mlagents_version": "0.31.0.dev0",
        "mlagents_envs_version": "0.31.0.dev0",
        "communication_protocol_version": "1.5.0",
        "pytorch_version": "1.8.1+cu102",
        "numpy_version": "1.21.2",
        "end_time_seconds": "1671830177"
    },
    "total": 89.30055305899987,
    "count": 1,
    "self": 0.0038889150018803775,
    "children": {
        "run_training.setup": {
            "total": 0.011690509998516063,
            "count": 1,
            "self": 0.011690509998516063
        },
        "TrainerController.start_learning": {
            "total": 89.28497363399947,
            "count": 1,
            "self": 0.07033950599543459,
            "children": {
                "TrainerController._reset_env": {
                    "total": 7.797554681999827,
                    "count": 1,
                    "self": 7.797554681999827
                },
                "TrainerController.advance": {
                    "total": 81.18354723700395,
                    "count": 2941,
                    "self": 0.06320897199111641,
                    "children": {
                        "env_step": {
                            "total": 80.9144430749966,
                            "count": 2941,
                            "self": 75.5090362490264,
                            "children": {
                                "SubprocessEnvManager._take_step": {
                                    "total": 5.367874020997988,
                                    "count": 2941,
                                    "self": 0.1572671489593631,
                                    "children": {
                                        "TorchPolicy.evaluate": {
                                            "total": 5.210606872038625,
                                            "count": 2941,
                                            "self": 5.210606872038625
                                        }
                                    }
                                },
                                "workers": {
                                    "total": 0.03753280497221567,
                                    "count": 2940,
                                    "self": 0.0,
                                    "children": {
                                        "worker_root": {
                                            "total": 28.821654444984233,
                                            "count": 2940,
                                            "is_parallel": true,
                                            "self": 16.020290184984333,
                                            "children": {
                                                "run_training.setup": {
                                                    "total": 0.0,
                                                    "count": 0,
                                                    "is_parallel": true,
                                                    "self": 0.0,
                                                    "children": {
                                                        "steps_from_proto": {
                                                            "total": 0.00772965600117459,
                                                            "count": 1,
                                                            "is_parallel": true,
                                                            "self": 0.0013079870004730765,
                                                            "children": {
                                                                "_process_rank_one_or_two_observation": {
                                                                    "total": 0.006421669000701513,
                                                                    "count": 2,
                                                                    "is_parallel": true,
                                                                    "self": 0.006421669000701513
                                                                }
                                                            }
                                                        },
                                                        "UnityEnvironment.step": {
                                                            "total": 0.027702176999810035,
                                                            "count": 1,
                                                            "is_parallel": true,
                                                            "self": 9.517899889033288e-05,
                                                            "children": {
                                                                "UnityEnvironment._generate_step_input": {
                                                                    "total": 0.00017760499940777663,
                                                                    "count": 1,
                                                                    "is_parallel": true,
                                                                    "self": 0.00017760499940777663
                                                                },
                                                                "communicator.exchange": {
                                                                    "total": 0.027137352000863757,
                                                                    "count": 1,
                                                                    "is_parallel": true,
                                                                    "self": 0.027137352000863757
                                                                },
                                                                "steps_from_proto": {
                                                                    "total": 0.00029204100064816885,
                                                                    "count": 1,
                                                                    "is_parallel": true,
                                                                    "self": 0.00016528200103493873,
                                                                    "children": {
                                                                        "_process_rank_one_or_two_observation": {
                                                                            "total": 0.00012675899961323012,
                                                                            "count": 2,
                                                                            "is_parallel": true,
                                                                            "self": 0.00012675899961323012
                                                                        }
                                                                    }
                                                                }
                                                            }
                                                        }
                                                    }
                                                },
                                                "UnityEnvironment.step": {
                                                    "total": 12.8013642599999,
                                                    "count": 2939,
                                                    "is_parallel": true,
                                                    "self": 0.2686182150737295,