{
    "name": "root",
    "metadata": {
        "timer_format_version": "0.1.0",
        "start_time_seconds": "1671947897",
        "python_version": "3.8.15 (default, Nov 24 2022, 15:19:38) \n[GCC 11.2.0]",
        "command_line_arguments": "/home/yueqi/anaconda3/envs/unity-drl/bin/mlagents-learn Hand.yaml --run-id=2358",
        "mlagents_version": "0.31.0.dev0",
        "mlagents_envs_version": "0.31.0.dev0",
        "communication_protocol_version": "1.5.0",
        "pytorch_version": "1.8.1+cu102",
        "numpy_version": "1.21.2",
        "end_time_seconds": "1671947971"
    },
    "total": 74.65828805700221,
    "count": 1,
    "self": 0.0033788069995353,
    "children": {
        "run_training.setup": {
            "total": 0.008341744000063045,
            "count": 1,
            "self": 0.008341744000063045
        },
        "TrainerController.start_learning": {
            "total": 74.64656750600261,
            "count": 1,
            "self": 0.03543052997702034,
            "children": {
                "TrainerController._reset_env": {
                    "total": 7.08672440400187,
                    "count": 1,
                    "self": 7.08672440400187
                },
                "TrainerController.advance": {
                    "total": 67.42395178302104,
                    "count": 1544,
                    "self": 0.03042758700757986,
                    "children": {
                        "env_step": {
                            "total": 67.29613150800651,
                            "count": 1544,
                            "self": 64.5908278539282,
                            "children": {
                                "SubprocessEnvManager._take_step": {
                                    "total": 2.6853287819903926,
                                    "count": 1544,
                                    "self": 0.07407215905186604,
                                    "children": {
                                        "TorchPolicy.evaluate": {
                                            "total": 2.6112566229385266,
                                            "count": 1544,
                                            "self": 2.6112566229385266
                                        }
                                    }
                                },
                                "workers": {
                                    "total": 0.019974872087914264,
                                    "count": 1543,
                                    "self": 0.0,
                                    "children": {
                                        "worker_root": {
                                            "total": 17.102651856035664,
                                            "count": 1543,
                                            "is_parallel": true,
                                            "self": 11.161706964005134,
                                            "children": {
                                                "run_training.setup": {
                                                    "total": 0.0,
                                                    "count": 0,
                                                    "is_parallel": true,
                                                    "self": 0.0,
                                                    "children": {
                                                        "steps_from_proto": {
                                                            "total": 0.0006766210026398767,
                                                            "count": 1,
                                                            "is_parallel": true,
                                                            "self": 0.0003311670006951317,
                                                            "children": {
                                                                "_process_rank_one_or_two_observation": {
                                                                    "total": 0.00034545400194474496,
                                                                    "count": 2,
                                                                    "is_parallel": true,
                                                                    "self": 0.00034545400194474496
                                                                }
                                                            }
                                                        },
                                                        "UnityEnvironment.step": {
                                                            "total": 0.024791921001451556,
                                                            "count": 1,
                                                            "is_parallel": true,
                                                            "self": 0.00010709399430197664,
                                                            "children": {
                                                                "UnityEnvironment._generate_step_input": {
                                                                    "total": 0.00018088200158672407,
                                                                    "count": 1,
                                                                    "is_parallel": true,
                                                                    "self": 0.00018088200158672407
                                                                },
                                                                "communicator.exchange": {
                                                                    "total": 0.0242384530029085,
                                                                    "count": 1,
                                                                    "is_parallel": true,
                                                                    "self": 0.0242384530029085
                                                                },
                                                                "steps_from_proto": {
                                                                    "total": 0.000265492002654355,
                                                                    "count": 1,
                                                                    "is_parallel": true,
                                                                    "self": 0.00013552700329455547,
                                                                    "children": {
                                                                        "_process_rank_one_or_two_observation": {
                                                                            "total": 0.00012996499935979955,
                                                                            "count": 2,
                                                                            "is_parallel": true,
                                                                            "self": 0.00012996499935979955
                                                                        }
                                                                    }
                                                                }
                                                            }
                                                        }
                                                    }
                                                },
                                                "UnityEnvironment.step": {
                                                    "total": 5.9409448920305294,
                                                    "count": 1542,
                                                    "is_parallel": true,
                                                    "self": 0.13078941193816718,