{
    "name": "root",
    "metadata": {
        "timer_format_version": "0.1.0",
        "start_time_seconds": "1671759269",
        "python_version": "3.8.15 (default, Nov 24 2022, 15:19:38) \n[GCC 11.2.0]",
        "command_line_arguments": "/home/yueqi/anaconda3/envs/unity-drl/bin/mlagents-learn Hand.yaml --run-id=hand016",
        "mlagents_version": "0.31.0.dev0",
        "mlagents_envs_version": "0.31.0.dev0",
        "communication_protocol_version": "1.5.0",
        "pytorch_version": "1.8.1+cu102",
        "numpy_version": "1.21.2",
        "end_time_seconds": "1671759324"
    },
    "total": 55.74695663899911,
    "count": 1,
    "self": 0.006135562001873041,
    "children": {
        "run_training.setup": {
            "total": 0.01451860299857799,
            "count": 1,
            "self": 0.01451860299857799
        },
        "TrainerController.start_learning": {
            "total": 55.72630247399866,
            "count": 1,
            "self": 0.007637335012987023,
            "children": {
                "TrainerController._reset_env": {
                    "total": 7.9829306729989185,
                    "count": 1,
                    "self": 7.9829306729989185
                },
                "TrainerController.advance": {
                    "total": 47.462311470986606,
                    "count": 281,
                    "self": 0.006540504036820494,
                    "children": {
                        "env_step": {
                            "total": 47.44717693394705,
                            "count": 281,
                            "self": 46.950529064917646,
                            "children": {
                                "SubprocessEnvManager._take_step": {
                                    "total": 0.4930171519990836,
                                    "count": 281,
                                    "self": 0.014716192032210529,
                                    "children": {
                                        "TorchPolicy.evaluate": {
                                            "total": 0.47830095996687305,
                                            "count": 281,
                                            "self": 0.47830095996687305
                                        }
                                    }
                                },
                                "workers": {
                                    "total": 0.0036307170303189196,
                                    "count": 280,
                                    "self": 0.0,
                                    "children": {
                                        "worker_root": {
                                            "total": 11.757062696946377,
                                            "count": 280,
                                            "is_parallel": true,
                                            "self": 8.809797867885209,
                                            "children": {
                                                "run_training.setup": {
                                                    "total": 0.0,
                                                    "count": 0,
                                                    "is_parallel": true,
                                                    "self": 0.0,
                                                    "children": {
                                                        "steps_from_proto": {
                                                            "total": 0.006362902000546455,
                                                            "count": 1,
                                                            "is_parallel": true,
                                                            "self": 0.0006876739971630741,
                                                            "children": {
                                                                "_process_rank_one_or_two_observation": {
                                                                    "total": 0.005675228003383381,
                                                                    "count": 2,
                                                                    "is_parallel": true,
                                                                    "self": 0.005675228003383381
                                                                }
                                                            }
                                                        },
                                                        "UnityEnvironment.step": {
                                                            "total": 0.07089806300064083,
                                                            "count": 1,
                                                            "is_parallel": true,
                                                            "self": 0.0001125879971368704,
                                                            "children": {
                                                                "UnityEnvironment._generate_step_input": {
                                                                    "total": 0.00021707199994125403,
                                                                    "count": 1,
                                                                    "is_parallel": true,
                                                                    "self": 0.00021707199994125403
                                                                },
                                                                "communicator.exchange": {
                                                                    "total": 0.07027422500323155,
                                                                    "count": 1,
                                                                    "is_parallel": true,
                                                                    "self": 0.07027422500323155
                                                                },
                                                                "steps_from_proto": {
                                                                    "total": 0.0002941780003311578,
                                                                    "count": 1,
                                                                    "is_parallel": true,
                                                                    "self": 0.00016196599972317927,
                                                                    "children": {
                                                                        "_process_rank_one_or_two_observation": {
                                                                            "total": 0.00013221200060797855,
                                                                            "count": 2,
                                                                            "is_parallel": true,
                                                                            "self": 0.00013221200060797855
                                                                        }
                                                                    }
                                                                }
                                                            }
                                                        }
                                                    }
                                                },
                                                "UnityEnvironment.step": {
                                                    "total": 2.9472648290611687,
                                                    "count": 279,
                                                    "is_parallel": true,
                                                    "self": 0.02660876709705917,