{
    "name": "root",
    "metadata": {
        "timer_format_version": "0.1.0",
        "start_time_seconds": "1671761604",
        "python_version": "3.8.15 (default, Nov 24 2022, 15:19:38) \n[GCC 11.2.0]",
        "command_line_arguments": "/home/yueqi/anaconda3/envs/unity-drl/bin/mlagents-learn Hand.yaml --run-id=2013",
        "mlagents_version": "0.31.0.dev0",
        "mlagents_envs_version": "0.31.0.dev0",
        "communication_protocol_version": "1.5.0",
        "pytorch_version": "1.8.1+cu102",
        "numpy_version": "1.21.2",
        "end_time_seconds": "1671761686"
    },
    "total": 81.61273406800001,
    "count": 1,
    "self": 0.0036915990001489263,
    "children": {
        "run_training.setup": {
            "total": 0.007959666999795445,
            "count": 1,
            "self": 0.007959666999795445
        },
        "TrainerController.start_learning": {
            "total": 81.60108280200006,
            "count": 1,
            "self": 0.024126428003228284,
            "children": {
                "TrainerController._reset_env": {
                    "total": 10.945891931999995,
                    "count": 1,
                    "self": 10.945891931999995
                },
                "TrainerController.advance": {
                    "total": 70.40762378899694,
                    "count": 1114,
                    "self": 0.020627378997915002,
                    "children": {
                        "env_step": {
                            "total": 70.29964713399727,
                            "count": 1114,
                            "self": 68.72565913700146,
                            "children": {
                                "SubprocessEnvManager._take_step": {
                                    "total": 1.5607256239952676,
                                    "count": 1114,
                                    "self": 0.04929899199441934,
                                    "children": {
                                        "TorchPolicy.evaluate": {
                                            "total": 1.5114266320008483,
                                            "count": 1114,
                                            "self": 1.5114266320008483
                                        }
                                    }
                                },
                                "workers": {
                                    "total": 0.013262373000543448,
                                    "count": 1113,
                                    "self": 0.0,
                                    "children": {
                                        "worker_root": {
                                            "total": 21.257502583003088,
                                            "count": 1113,
                                            "is_parallel": true,
                                            "self": 13.472364591002588,
                                            "children": {
                                                "run_training.setup": {
                                                    "total": 0.0,
                                                    "count": 0,
                                                    "is_parallel": true,
                                                    "self": 0.0,
                                                    "children": {
                                                        "steps_from_proto": {
                                                            "total": 0.0014978950000568148,
                                                            "count": 1,
                                                            "is_parallel": true,
                                                            "self": 0.0008158589998856769,
                                                            "children": {
                                                                "_process_rank_one_or_two_observation": {
                                                                    "total": 0.0006820360001711379,
                                                                    "count": 2,
                                                                    "is_parallel": true,
                                                                    "self": 0.0006820360001711379
                                                                }
                                                            }
                                                        },
                                                        "UnityEnvironment.step": {
                                                            "total": 0.029949942000030205,
                                                            "count": 1,
                                                            "is_parallel": true,
                                                            "self": 0.00010951599983854976,
                                                            "children": {
                                                                "UnityEnvironment._generate_step_input": {
                                                                    "total": 0.0001667900000938971,
                                                                    "count": 1,
                                                                    "is_parallel": true,
                                                                    "self": 0.0001667900000938971
                                                                },
                                                                "communicator.exchange": {
                                                                    "total": 0.029283063000093534,
                                                                    "count": 1,
                                                                    "is_parallel": true,
                                                                    "self": 0.029283063000093534
                                                                },
                                                                "steps_from_proto": {
                                                                    "total": 0.000390573000004224,
                                                                    "count": 1,
                                                                    "is_parallel": true,
                                                                    "self": 0.00022804400009590609,
                                                                    "children": {
                                                                        "_process_rank_one_or_two_observation": {
                                                                            "total": 0.00016252899990831793,
                                                                            "count": 2,
                                                                            "is_parallel": true,
                                                                            "self": 0.00016252899990831793
                                                                        }
                                                                    }
                                                                }
                                                            }
                                                        }
                                                    }
                                                },
                                                "UnityEnvironment.step": {
                                                    "total": 7.7851379920005,
                                                    "count": 1112,
                                                    "is_parallel": true,
                                                    "self": 0.09384958000055121,