{
    "name": "root",
    "metadata": {
        "timer_format_version": "0.1.0",
        "start_time_seconds": "1671907819",
        "python_version": "3.8.15 (default, Nov 24 2022, 15:19:38) \n[GCC 11.2.0]",
        "command_line_arguments": "/home/yueqi/anaconda3/envs/unity-drl/bin/mlagents-learn Hand.yaml --run-id=Hand1250",
        "mlagents_version": "0.31.0.dev0",
        "mlagents_envs_version": "0.31.0.dev0",
        "communication_protocol_version": "1.5.0",
        "pytorch_version": "1.8.1+cu102",
        "numpy_version": "1.21.2",
        "end_time_seconds": "1671907896"
    },
    "total": 77.39771445500082,
    "count": 1,
    "self": 0.004208692000247538,
    "children": {
        "run_training.setup": {
            "total": 0.010050574004708324,
            "count": 1,
            "self": 0.010050574004708324
        },
        "TrainerController.start_learning": {
            "total": 77.38345518899587,
            "count": 1,
            "self": 0.03818757605768042,
            "children": {
                "TrainerController._reset_env": {
                    "total": 6.535070617006568,
                    "count": 1,
                    "self": 6.535070617006568
                },
                "TrainerController.advance": {
                    "total": 70.69105703493551,
                    "count": 1804,
                    "self": 0.035127072587783914,
                    "children": {
                        "env_step": {
                            "total": 70.56450931802829,
                            "count": 1804,
                            "self": 67.6808434941413,
                            "children": {
                                "SubprocessEnvManager._take_step": {
                                    "total": 2.8624751239985926,
                                    "count": 1804,
                                    "self": 0.08580283392802812,
                                    "children": {
                                        "TorchPolicy.evaluate": {
                                            "total": 2.7766722900705645,
                                            "count": 1804,
                                            "self": 2.7766722900705645
                                        }
                                    }
                                },
                                "workers": {
                                    "total": 0.021190699888393283,
                                    "count": 1803,
                                    "self": 0.0,
                                    "children": {
                                        "worker_root": {
                                            "total": 17.14674306390225,
                                            "count": 1803,
                                            "is_parallel": true,
                                            "self": 10.892495506937848,
                                            "children": {
                                                "run_training.setup": {
                                                    "total": 0.0,
                                                    "count": 0,
                                                    "is_parallel": true,
                                                    "self": 0.0,
                                                    "children": {
                                                        "steps_from_proto": {
                                                            "total": 0.000959461998718325,
                                                            "count": 1,
                                                            "is_parallel": true,
                                                            "self": 0.0004310389995225705,
                                                            "children": {
                                                                "_process_rank_one_or_two_observation": {
                                                                    "total": 0.0005284229991957545,
                                                                    "count": 2,
                                                                    "is_parallel": true,
                                                                    "self": 0.0005284229991957545
                                                                }
                                                            }
                                                        },
                                                        "UnityEnvironment.step": {
                                                            "total": 0.019704985003045294,
                                                            "count": 1,
                                                            "is_parallel": true,
                                                            "self": 0.00011733000428648666,
                                                            "children": {
                                                                "UnityEnvironment._generate_step_input": {
                                                                    "total": 0.00030456300009973347,
                                                                    "count": 1,
                                                                    "is_parallel": true,
                                                                    "self": 0.00030456300009973347
                                                                },
                                                                "communicator.exchange": {
                                                                    "total": 0.018979681997734588,
                                                                    "count": 1,
                                                                    "is_parallel": true,
                                                                    "self": 0.018979681997734588
                                                                },
                                                                "steps_from_proto": {
                                                                    "total": 0.00030341000092448667,
                                                                    "count": 1,
                                                                    "is_parallel": true,
                                                                    "self": 0.00018275400361744687,
                                                                    "children": {
                                                                        "_process_rank_one_or_two_observation": {
                                                                            "total": 0.0001206559973070398,
                                                                            "count": 2,
                                                                            "is_parallel": true,
                                                                            "self": 0.0001206559973070398
                                                                        }
                                                                    }
                                                                }
                                                            }
                                                        }
                                                    }
                                                },
                                                "UnityEnvironment.step": {
                                                    "total": 6.254247556964401,
                                                    "count": 1802,
                                                    "is_parallel": true,
                                                    "self": 0.13973093531967606,