{
    "name": "root",
    "metadata": {
        "timer_format_version": "0.1.0",
        "start_time_seconds": "1671847971",
        "python_version": "3.8.15 (default, Nov 24 2022, 15:19:38) \n[GCC 11.2.0]",
        "command_line_arguments": "/home/yueqi/anaconda3/envs/unity-drl/bin/mlagents-learn Hand.yaml --run-id=hand2012",
        "mlagents_version": "0.31.0.dev0",
        "mlagents_envs_version": "0.31.0.dev0",
        "communication_protocol_version": "1.5.0",
        "pytorch_version": "1.8.1+cu102",
        "numpy_version": "1.21.2",
        "end_time_seconds": "1671848076"
    },
    "total": 105.20874405200084,
    "count": 1,
    "self": 0.0037649850019079167,
    "children": {
        "run_training.setup": {
            "total": 0.01387796099879779,
            "count": 1,
            "self": 0.01387796099879779
        },
        "TrainerController.start_learning": {
            "total": 105.19110110600013,
            "count": 1,
            "self": 0.11987012103782035,
            "children": {
                "TrainerController._reset_env": {
                    "total": 13.143429618001392,
                    "count": 1,
                    "self": 13.143429618001392
                },
                "TrainerController.advance": {
                    "total": 91.7255053629633,
                    "count": 5481,
                    "self": 0.10506901021290105,
                    "children": {
                        "env_step": {
                            "total": 91.16297383097117,
                            "count": 5481,
                            "self": 82.68690975620484,
                            "children": {
                                "SubprocessEnvManager._take_step": {
                                    "total": 8.406275134868338,
                                    "count": 5481,
                                    "self": 0.2510997198842233,
                                    "children": {
                                        "TorchPolicy.evaluate": {
                                            "total": 8.155175414984114,
                                            "count": 5481,
                                            "self": 8.155175414984114
                                        }
                                    }
                                },
                                "workers": {
                                    "total": 0.06978893989798962,
                                    "count": 5480,
                                    "self": 0.0,
                                    "children": {
                                        "worker_root": {
                                            "total": 44.70661618185841,
                                            "count": 5480,
                                            "is_parallel": true,
                                            "self": 26.195908980698732,
                                            "children": {
                                                "run_training.setup": {
                                                    "total": 0.0,
                                                    "count": 0,
                                                    "is_parallel": true,
                                                    "self": 0.0,
                                                    "children": {
                                                        "steps_from_proto": {
                                                            "total": 0.006269793997489614,
                                                            "count": 1,
                                                            "is_parallel": true,
                                                            "self": 0.0006859009990876075,
                                                            "children": {
                                                                "_process_rank_one_or_two_observation": {
                                                                    "total": 0.005583892998402007,
                                                                    "count": 2,
                                                                    "is_parallel": true,
                                                                    "self": 0.005583892998402007
                                                                }
                                                            }
                                                        },
                                                        "UnityEnvironment.step": {
                                                            "total": 0.024425155999779236,
                                                            "count": 1,
                                                            "is_parallel": true,
                                                            "self": 0.00013860100079909898,
                                                            "children": {
                                                                "UnityEnvironment._generate_step_input": {
                                                                    "total": 0.00014262799959396943,
                                                                    "count": 1,
                                                                    "is_parallel": true,
                                                                    "self": 0.00014262799959396943
                                                                },
                                                                "communicator.exchange": {
                                                                    "total": 0.023734295002213912,
                                                                    "count": 1,
                                                                    "is_parallel": true,
                                                                    "self": 0.023734295002213912
                                                                },
                                                                "steps_from_proto": {
                                                                    "total": 0.00040963199717225507,
                                                                    "count": 1,
                                                                    "is_parallel": true,
                                                                    "self": 0.00026637199698598124,
                                                                    "children": {
                                                                        "_process_rank_one_or_two_observation": {
                                                                            "total": 0.00014326000018627383,
                                                                            "count": 2,
                                                                            "is_parallel": true,
                                                                            "self": 0.00014326000018627383
                                                                        }
                                                                    }
                                                                }
                                                            }
                                                        }
                                                    }
                                                },
                                                "UnityEnvironment.step": {
                                                    "total": 18.510707201159676,
                                                    "count": 5479,
                                                    "is_parallel": true,
                                                    "self": 0.3919072122880607,