{
    "name": "root",
    "metadata": {
        "timer_format_version": "0.1.0",
        "start_time_seconds": "1671848904",
        "python_version": "3.8.15 (default, Nov 24 2022, 15:19:38) \n[GCC 11.2.0]",
        "command_line_arguments": "/home/yueqi/anaconda3/envs/unity-drl/bin/mlagents-learn Hand.yaml --run-id=hand2028",
        "mlagents_version": "0.31.0.dev0",
        "mlagents_envs_version": "0.31.0.dev0",
        "communication_protocol_version": "1.5.0",
        "pytorch_version": "1.8.1+cu102",
        "numpy_version": "1.21.2",
        "end_time_seconds": "1671848995"
    },
    "total": 91.13963494799827,
    "count": 1,
    "self": 0.006992307997279568,
    "children": {
        "run_training.setup": {
            "total": 0.01132574800067232,
            "count": 1,
            "self": 0.01132574800067232
        },
        "TrainerController.start_learning": {
            "total": 91.12131689200032,
            "count": 1,
            "self": 0.06685964105054154,
            "children": {
                "TrainerController._reset_env": {
                    "total": 6.850740681002208,
                    "count": 1,
                    "self": 6.850740681002208
                },
                "TrainerController.advance": {
                    "total": 83.93721302894846,
                    "count": 2594,
                    "self": 0.05998394516427652,
                    "children": {
                        "env_step": {
                            "total": 83.65351543780707,
                            "count": 2594,
                            "self": 78.89192304879907,
                            "children": {
                                "SubprocessEnvManager._take_step": {
                                    "total": 4.726986065077654,
                                    "count": 2594,
                                    "self": 0.13911633291718317,
                                    "children": {
                                        "TorchPolicy.evaluate": {
                                            "total": 4.5878697321604704,
                                            "count": 2594,
                                            "self": 4.5878697321604704
                                        }
                                    }
                                },
                                "workers": {
                                    "total": 0.03460632393034757,
                                    "count": 2593,
                                    "self": 0.0,
                                    "children": {
                                        "worker_root": {
                                            "total": 30.59973184703631,
                                            "count": 2593,
                                            "is_parallel": true,
                                            "self": 14.168266134169244,
                                            "children": {
                                                "run_training.setup": {
                                                    "total": 0.0,
                                                    "count": 0,
                                                    "is_parallel": true,
                                                    "self": 0.0,
                                                    "children": {
                                                        "steps_from_proto": {
                                                            "total": 0.007371858999249525,
                                                            "count": 1,
                                                            "is_parallel": true,
                                                            "self": 0.0010015219959313981,
                                                            "children": {
                                                                "_process_rank_one_or_two_observation": {
                                                                    "total": 0.006370337003318127,
                                                                    "count": 2,
                                                                    "is_parallel": true,
                                                                    "self": 0.006370337003318127
                                                                }
                                                            }
                                                        },
                                                        "UnityEnvironment.step": {
                                                            "total": 0.057998174997919705,
                                                            "count": 1,
                                                            "is_parallel": true,
                                                            "self": 0.00016598700312897563,
                                                            "children": {
                                                                "UnityEnvironment._generate_step_input": {
                                                                    "total": 0.00022669999816571362,
                                                                    "count": 1,
                                                                    "is_parallel": true,
                                                                    "self": 0.00022669999816571362
                                                                },
                                                                "communicator.exchange": {
                                                                    "total": 0.056896611997217406,
                                                                    "count": 1,
                                                                    "is_parallel": true,
                                                                    "self": 0.056896611997217406
                                                                },
                                                                "steps_from_proto": {
                                                                    "total": 0.0007088759994076099,
                                                                    "count": 1,
                                                                    "is_parallel": true,
                                                                    "self": 0.0003751320000446867,
                                                                    "children": {
                                                                        "_process_rank_one_or_two_observation": {
                                                                            "total": 0.0003337439993629232,
                                                                            "count": 2,
                                                                            "is_parallel": true,
                                                                            "self": 0.0003337439993629232
                                                                        }
                                                                    }
                                                                }
                                                            }
                                                        }
                                                    }
                                                },
                                                "UnityEnvironment.step": {
                                                    "total": 16.431465712867066,
                                                    "count": 2592,
                                                    "is_parallel": true,
                                                    "self": 0.236859579821612,