{
    "name": "root",
    "metadata": {
        "timer_format_version": "0.1.0",
        "start_time_seconds": "1671948548",
        "python_version": "3.8.15 (default, Nov 24 2022, 15:19:38) \n[GCC 11.2.0]",
        "command_line_arguments": "/home/yueqi/anaconda3/envs/unity-drl/bin/mlagents-learn Hand.yaml --run-id=0009",
        "mlagents_version": "0.31.0.dev0",
        "mlagents_envs_version": "0.31.0.dev0",
        "communication_protocol_version": "1.5.0",
        "pytorch_version": "1.8.1+cu102",
        "numpy_version": "1.21.2",
        "end_time_seconds": "1671948647"
    },
    "total": 99.24410200800048,
    "count": 1,
    "self": 0.004298190000554314,
    "children": {
        "run_training.setup": {
            "total": 0.023029760999634163,
            "count": 1,
            "self": 0.023029760999634163
        },
        "TrainerController.start_learning": {
            "total": 99.2167740570003,
            "count": 1,
            "self": 0.05853593397841905,
            "children": {
                "TrainerController._reset_env": {
                    "total": 20.83433623500241,
                    "count": 1,
                    "self": 20.83433623500241
                },
                "TrainerController.advance": {
                    "total": 78.22426723902026,
                    "count": 2491,
                    "self": 0.04674837404672871,
                    "children": {
                        "env_step": {
                            "total": 78.00379643497217,
                            "count": 2491,
                            "self": 73.8946588760009,
                            "children": {
                                "SubprocessEnvManager._take_step": {
                                    "total": 4.07750950200716,
                                    "count": 2491,
                                    "self": 0.11540822407914675,
                                    "children": {
                                        "TorchPolicy.evaluate": {
                                            "total": 3.9621012779280136,
                                            "count": 2491,
                                            "self": 3.9621012779280136
                                        }
                                    }
                                },
                                "workers": {
                                    "total": 0.03162805696410942,
                                    "count": 2490,
                                    "self": 0.0,
                                    "children": {
                                        "worker_root": {
                                            "total": 38.97043743096219,
                                            "count": 2490,
                                            "is_parallel": true,
                                            "self": 27.136148761899676,
                                            "children": {
                                                "run_training.setup": {
                                                    "total": 0.0,
                                                    "count": 0,
                                                    "is_parallel": true,
                                                    "self": 0.0,
                                                    "children": {
                                                        "steps_from_proto": {
                                                            "total": 0.0006097750010667369,
                                                            "count": 1,
                                                            "is_parallel": true,
                                                            "self": 0.00029969800016260706,
                                                            "children": {
                                                                "_process_rank_one_or_two_observation": {
                                                                    "total": 0.0003100770009041298,
                                                                    "count": 2,
                                                                    "is_parallel": true,
                                                                    "self": 0.0003100770009041298
                                                                }
                                                            }
                                                        },
                                                        "UnityEnvironment.step": {
                                                            "total": 0.03392920199985383,
                                                            "count": 1,
                                                            "is_parallel": true,
                                                            "self": 8.59220017446205e-05,
                                                            "children": {
                                                                "UnityEnvironment._generate_step_input": {
                                                                    "total": 0.0001277819974347949,
                                                                    "count": 1,
                                                                    "is_parallel": true,
                                                                    "self": 0.0001277819974347949
                                                                },
                                                                "communicator.exchange": {
                                                                    "total": 0.033452981002483284,
                                                                    "count": 1,
                                                                    "is_parallel": true,
                                                                    "self": 0.033452981002483284
                                                                },
                                                                "steps_from_proto": {
                                                                    "total": 0.0002625169981911313,
                                                                    "count": 1,
                                                                    "is_parallel": true,
                                                                    "self": 0.00014992400247137994,
                                                                    "children": {
                                                                        "_process_rank_one_or_two_observation": {
                                                                            "total": 0.00011259299571975134,
                                                                            "count": 2,
                                                                            "is_parallel": true,
                                                                            "self": 0.00011259299571975134
                                                                        }
                                                                    }
                                                                }
                                                            }
                                                        }
                                                    }
                                                },
                                                "UnityEnvironment.step": {
                                                    "total": 11.834288669062516,
                                                    "count": 2489,
                                                    "is_parallel": true,
                                                    "self": 0.2066992350119108,