{
    "name": "root",
    "metadata": {
        "timer_format_version": "0.1.0",
        "start_time_seconds": "1671924319",
        "python_version": "3.8.15 (default, Nov 24 2022, 15:19:38) \n[GCC 11.2.0]",
        "command_line_arguments": "/home/yueqi/anaconda3/envs/unity-drl/bin/mlagents-learn Hand.yaml --run-id=1725",
        "mlagents_version": "0.31.0.dev0",
        "mlagents_envs_version": "0.31.0.dev0",
        "communication_protocol_version": "1.5.0",
        "pytorch_version": "1.8.1+cu102",
        "numpy_version": "1.21.2",
        "end_time_seconds": "1671924408"
    },
    "total": 89.03863208199982,
    "count": 1,
    "self": 0.0031858929996815277,
    "children": {
        "run_training.setup": {
            "total": 0.009121580000282847,
            "count": 1,
            "self": 0.009121580000282847
        },
        "TrainerController.start_learning": {
            "total": 89.02632460899986,
            "count": 1,
            "self": 0.031026490965814446,
            "children": {
                "TrainerController._reset_env": {
                    "total": 11.37538723599937,
                    "count": 1,
                    "self": 11.37538723599937
                },
                "TrainerController.advance": {
                    "total": 77.49951543803581,
                    "count": 1597,
                    "self": 0.025423253086046316,
                    "children": {
                        "env_step": {
                            "total": 77.37574840299749,
                            "count": 1597,
                            "self": 75.28145698502522,
                            "children": {
                                "SubprocessEnvManager._take_step": {
                                    "total": 2.077981435968468,
                                    "count": 1597,
                                    "self": 0.06550150895782281,
                                    "children": {
                                        "TorchPolicy.evaluate": {
                                            "total": 2.012479927010645,
                                            "count": 1597,
                                            "self": 2.012479927010645
                                        }
                                    }
                                },
                                "workers": {
                                    "total": 0.01630998200380418,
                                    "count": 1596,
                                    "self": 0.0,
                                    "children": {
                                        "worker_root": {
                                            "total": 28.78072452201195,
                                            "count": 1596,
                                            "is_parallel": true,
                                            "self": 14.658179267004016,
                                            "children": {
                                                "run_training.setup": {
                                                    "total": 0.0,
                                                    "count": 0,
                                                    "is_parallel": true,
                                                    "self": 0.0,
                                                    "children": {
                                                        "steps_from_proto": {
                                                            "total": 0.008422124999924563,
                                                            "count": 1,
                                                            "is_parallel": true,
                                                            "self": 0.00804928999968979,
                                                            "children": {
                                                                "_process_rank_one_or_two_observation": {
                                                                    "total": 0.00037283500023477245,
                                                                    "count": 2,
                                                                    "is_parallel": true,
                                                                    "self": 0.00037283500023477245
                                                                }
                                                            }
                                                        },
                                                        "UnityEnvironment.step": {
                                                            "total": 0.0210711950003315,
                                                            "count": 1,
                                                            "is_parallel": true,
                                                            "self": 8.719600009499118e-05,
                                                            "children": {
                                                                "UnityEnvironment._generate_step_input": {
                                                                    "total": 0.00013490499986801296,
                                                                    "count": 1,
                                                                    "is_parallel": true,
                                                                    "self": 0.00013490499986801296
                                                                },
                                                                "communicator.exchange": {
                                                                    "total": 0.020597627999450197,
                                                                    "count": 1,
                                                                    "is_parallel": true,
                                                                    "self": 0.020597627999450197
                                                                },
                                                                "steps_from_proto": {
                                                                    "total": 0.00025146600091829896,
                                                                    "count": 1,
                                                                    "is_parallel": true,
                                                                    "self": 0.00014425300105358474,
                                                                    "children": {
                                                                        "_process_rank_one_or_two_observation": {
                                                                            "total": 0.00010721299986471422,
                                                                            "count": 2,
                                                                            "is_parallel": true,
                                                                            "self": 0.00010721299986471422
                                                                        }
                                                                    }
                                                                }
                                                            }
                                                        }
                                                    }
                                                },
                                                "UnityEnvironment.step": {
                                                    "total": 14.122545255007935,
                                                    "count": 1595,
                                                    "is_parallel": true,
                                                    "self": 0.11468455503563746,