{
    "name": "root",
    "metadata": {
        "timer_format_version": "0.1.0",
        "start_time_seconds": "1671757311",
        "python_version": "3.8.15 (default, Nov 24 2022, 15:19:38) \n[GCC 11.2.0]",
        "command_line_arguments": "/home/yueqi/anaconda3/envs/unity-drl/bin/mlagents-learn Hand.yaml --run-id=hand005",
        "mlagents_version": "0.31.0.dev0",
        "mlagents_envs_version": "0.31.0.dev0",
        "communication_protocol_version": "1.5.0",
        "pytorch_version": "1.8.1+cu102",
        "numpy_version": "1.21.2",
        "end_time_seconds": "1671757387"
    },
    "total": 76.22430572599842,
    "count": 1,
    "self": 0.00542805000077351,
    "children": {
        "run_training.setup": {
            "total": 0.009188406998873688,
            "count": 1,
            "self": 0.009188406998873688
        },
        "TrainerController.start_learning": {
            "total": 76.20968926899877,
            "count": 1,
            "self": 0.023240884012921015,
            "children": {
                "TrainerController._reset_env": {
                    "total": 7.017569524999999,
                    "count": 1,
                    "self": 7.017569524999999
                },
                "TrainerController.advance": {
                    "total": 68.98802392898506,
                    "count": 1047,
                    "self": 0.019931893006287282,
                    "children": {
                        "env_step": {
                            "total": 68.88079201895744,
                            "count": 1047,
                            "self": 67.45883235597648,
                            "children": {
                                "SubprocessEnvManager._take_step": {
                                    "total": 1.408780964997277,
                                    "count": 1047,
                                    "self": 0.04688165309926262,
                                    "children": {
                                        "TorchPolicy.evaluate": {
                                            "total": 1.3618993118980143,
                                            "count": 1047,
                                            "self": 1.3618993118980143
                                        }
                                    }
                                },
                                "workers": {
                                    "total": 0.013178697983676102,
                                    "count": 1046,
                                    "self": 0.0,
                                    "children": {
                                        "worker_root": {
                                            "total": 15.87707420710285,
                                            "count": 1046,
                                            "is_parallel": true,
                                            "self": 9.372433047155937,
                                            "children": {
                                                "run_training.setup": {
                                                    "total": 0.0,
                                                    "count": 0,
                                                    "is_parallel": true,
                                                    "self": 0.0,
                                                    "children": {
                                                        "steps_from_proto": {
                                                            "total": 0.005162228997505736,
                                                            "count": 1,
                                                            "is_parallel": true,
                                                            "self": 0.0008223199984058738,
                                                            "children": {
                                                                "_process_rank_one_or_two_observation": {
                                                                    "total": 0.004339908999099862,
                                                                    "count": 2,
                                                                    "is_parallel": true,
                                                                    "self": 0.004339908999099862
                                                                }
                                                            }
                                                        },
                                                        "UnityEnvironment.step": {
                                                            "total": 0.04144652000104543,
                                                            "count": 1,
                                                            "is_parallel": true,
                                                            "self": 0.00011195700062671676,
                                                            "children": {
                                                                "UnityEnvironment._generate_step_input": {
                                                                    "total": 0.00014233799811336212,
                                                                    "count": 1,
                                                                    "is_parallel": true,
                                                                    "self": 0.00014233799811336212
                                                                },
                                                                "communicator.exchange": {
                                                                    "total": 0.04069110899945372,
                                                                    "count": 1,
                                                                    "is_parallel": true,
                                                                    "self": 0.04069110899945372
                                                                },
                                                                "steps_from_proto": {
                                                                    "total": 0.0005011160028516315,
                                                                    "count": 1,
                                                                    "is_parallel": true,
                                                                    "self": 0.0003267900028731674,
                                                                    "children": {
                                                                        "_process_rank_one_or_two_observation": {
                                                                            "total": 0.0001743259999784641,
                                                                            "count": 2,
                                                                            "is_parallel": true,
                                                                            "self": 0.0001743259999784641
                                                                        }
                                                                    }
                                                                }
                                                            }
                                                        }
                                                    }
                                                },
                                                "UnityEnvironment.step": {
                                                    "total": 6.504641159946914,
                                                    "count": 1045,
                                                    "is_parallel": true,
                                                    "self": 0.09630398395529483,