{
    "name": "root",
    "metadata": {
        "timer_format_version": "0.1.0",
        "start_time_seconds": "1671759329",
        "python_version": "3.8.15 (default, Nov 24 2022, 15:19:38) \n[GCC 11.2.0]",
        "command_line_arguments": "/home/yueqi/anaconda3/envs/unity-drl/bin/mlagents-learn Hand.yaml --run-id=hand017",
        "mlagents_version": "0.31.0.dev0",
        "mlagents_envs_version": "0.31.0.dev0",
        "communication_protocol_version": "1.5.0",
        "pytorch_version": "1.8.1+cu102",
        "numpy_version": "1.21.2",
        "end_time_seconds": "1671759440"
    },
    "total": 111.462271866003,
    "count": 1,
    "self": 0.009473973004787695,
    "children": {
        "run_training.setup": {
            "total": 0.014862012998491991,
            "count": 1,
            "self": 0.014862012998491991
        },
        "TrainerController.start_learning": {
            "total": 111.43793587999971,
            "count": 1,
            "self": 0.08096944897988578,
            "children": {
                "TrainerController._reset_env": {
                    "total": 7.996447130997694,
                    "count": 1,
                    "self": 7.996447130997694
                },
                "TrainerController.advance": {
                    "total": 103.06159296002079,
                    "count": 3564,
                    "self": 0.07472444013183122,
                    "children": {
                        "env_step": {
                            "total": 102.69482884103127,
                            "count": 3564,
                            "self": 97.05990732092687,
                            "children": {
                                "SubprocessEnvManager._take_step": {
                                    "total": 5.587781036032538,
                                    "count": 3564,
                                    "self": 0.16366036190083832,
                                    "children": {
                                        "TorchPolicy.evaluate": {
                                            "total": 5.4241206741317,
                                            "count": 3564,
                                            "self": 5.4241206741317
                                        }
                                    }
                                },
                                "workers": {
                                    "total": 0.047140484071860556,
                                    "count": 3563,
                                    "self": 0.0,
                                    "children": {
                                        "worker_root": {
                                            "total": 50.749844539946935,
                                            "count": 3563,
                                            "is_parallel": true,
                                            "self": 16.87574279006003,
                                            "children": {
                                                "run_training.setup": {
                                                    "total": 0.0,
                                                    "count": 0,
                                                    "is_parallel": true,
                                                    "self": 0.0,
                                                    "children": {
                                                        "steps_from_proto": {
                                                            "total": 0.0061898269996163435,
                                                            "count": 1,
                                                            "is_parallel": true,
                                                            "self": 0.0007933449996926356,
                                                            "children": {
                                                                "_process_rank_one_or_two_observation": {
                                                                    "total": 0.005396481999923708,
                                                                    "count": 2,
                                                                    "is_parallel": true,
                                                                    "self": 0.005396481999923708
                                                                }
                                                            }
                                                        },
                                                        "UnityEnvironment.step": {
                                                            "total": 0.06945869999981369,
                                                            "count": 1,
                                                            "is_parallel": true,
                                                            "self": 0.0001188730020658113,
                                                            "children": {
                                                                "UnityEnvironment._generate_step_input": {
                                                                    "total": 0.00025136499971267767,
                                                                    "count": 1,
                                                                    "is_parallel": true,
                                                                    "self": 0.00025136499971267767
                                                                },
                                                                "communicator.exchange": {
                                                                    "total": 0.06877975699899253,
                                                                    "count": 1,
                                                                    "is_parallel": true,
                                                                    "self": 0.06877975699899253
                                                                },
                                                                "steps_from_proto": {
                                                                    "total": 0.0003087049990426749,
                                                                    "count": 1,
                                                                    "is_parallel": true,
                                                                    "self": 0.00016790199879324064,
                                                                    "children": {
                                                                        "_process_rank_one_or_two_observation": {
                                                                            "total": 0.00014080300024943426,
                                                                            "count": 2,
                                                                            "is_parallel": true,
                                                                            "self": 0.00014080300024943426
                                                                        }
                                                                    }
                                                                }
                                                            }
                                                        }
                                                    }
                                                },
                                                "UnityEnvironment.step": {
                                                    "total": 33.874101749886904,
                                                    "count": 3562,
                                                    "is_parallel": true,
                                                    "self": 0.3197192987827293,