{
    "name": "root",
    "metadata": {
        "timer_format_version": "0.1.0",
        "start_time_seconds": "1671848576",
        "python_version": "3.8.15 (default, Nov 24 2022, 15:19:38) \n[GCC 11.2.0]",
        "command_line_arguments": "/home/yueqi/anaconda3/envs/unity-drl/bin/mlagents-learn Hand.yaml --run-id=hand2022",
        "mlagents_version": "0.31.0.dev0",
        "mlagents_envs_version": "0.31.0.dev0",
        "communication_protocol_version": "1.5.0",
        "pytorch_version": "1.8.1+cu102",
        "numpy_version": "1.21.2",
        "end_time_seconds": "1671848661"
    },
    "total": 84.9544064820002,
    "count": 1,
    "self": 0.007171178000135114,
    "children": {
        "run_training.setup": {
            "total": 0.013943078000011155,
            "count": 1,
            "self": 0.013943078000011155
        },
        "TrainerController.start_learning": {
            "total": 84.93329222600005,
            "count": 1,
            "self": 0.22430442907716497,
            "children": {
                "TrainerController._reset_env": {
                    "total": 6.9454224849978345,
                    "count": 1,
                    "self": 6.9454224849978345
                },
                "TrainerController.advance": {
                    "total": 77.39796934792685,
                    "count": 9494,
                    "self": 0.2104644109531364,
                    "children": {
                        "env_step": {
                            "total": 76.35934954691402,
                            "count": 9494,
                            "self": 61.36316500601242,
                            "children": {
                                "SubprocessEnvManager._take_step": {
                                    "total": 14.876032027896144,
                                    "count": 9494,
                                    "self": 0.4457906228089996,
                                    "children": {
                                        "TorchPolicy.evaluate": {
                                            "total": 14.430241405087145,
                                            "count": 9494,
                                            "self": 14.430241405087145
                                        }
                                    }
                                },
                                "workers": {
                                    "total": 0.1201525130054506,
                                    "count": 9493,
                                    "self": 0.0,
                                    "children": {
                                        "worker_root": {
                                            "total": 63.05265639402569,
                                            "count": 9493,
                                            "is_parallel": true,
                                            "self": 30.15840783097883,
                                            "children": {
                                                "run_training.setup": {
                                                    "total": 0.0,
                                                    "count": 0,
                                                    "is_parallel": true,
                                                    "self": 0.0,
                                                    "children": {
                                                        "steps_from_proto": {
                                                            "total": 0.005945978999079671,
                                                            "count": 1,
                                                            "is_parallel": true,
                                                            "self": 0.0007712219994573388,
                                                            "children": {
                                                                "_process_rank_one_or_two_observation": {
                                                                    "total": 0.005174756999622332,
                                                                    "count": 2,
                                                                    "is_parallel": true,
                                                                    "self": 0.005174756999622332
                                                                }
                                                            }
                                                        },
                                                        "UnityEnvironment.step": {
                                                            "total": 0.03257432600003085,
                                                            "count": 1,
                                                            "is_parallel": true,
                                                            "self": 9.750700701260939e-05,
                                                            "children": {
                                                                "UnityEnvironment._generate_step_input": {
                                                                    "total": 0.00013451599807012826,
                                                                    "count": 1,
                                                                    "is_parallel": true,
                                                                    "self": 0.00013451599807012826
                                                                },
                                                                "communicator.exchange": {
                                                                    "total": 0.03205684799831943,
                                                                    "count": 1,
                                                                    "is_parallel": true,
                                                                    "self": 0.03205684799831943
                                                                },
                                                                "steps_from_proto": {
                                                                    "total": 0.0002854549966286868,
                                                                    "count": 1,
                                                                    "is_parallel": true,
                                                                    "self": 0.00015805199655005708,
                                                                    "children": {
                                                                        "_process_rank_one_or_two_observation": {
                                                                            "total": 0.0001274030000786297,
                                                                            "count": 2,
                                                                            "is_parallel": true,
                                                                            "self": 0.0001274030000786297
                                                                        }
                                                                    }
                                                                }
                                                            }
                                                        }
                                                    }
                                                },
                                                "UnityEnvironment.step": {
                                                    "total": 32.89424856304686,
                                                    "count": 9492,
                                                    "is_parallel": true,
                                                    "self": 0.701666629032843,