{
    "name": "root",
    "metadata": {
        "timer_format_version": "0.1.0",
        "start_time_seconds": "1671919708",
        "python_version": "3.8.15 (default, Nov 24 2022, 15:19:38) \n[GCC 11.2.0]",
        "command_line_arguments": "/home/yueqi/anaconda3/envs/unity-drl/bin/mlagents-learn Hand.yaml --run-id=1608",
        "mlagents_version": "0.31.0.dev0",
        "mlagents_envs_version": "0.31.0.dev0",
        "communication_protocol_version": "1.5.0",
        "pytorch_version": "1.8.1+cu102",
        "numpy_version": "1.21.2",
        "end_time_seconds": "1671919792"
    },
    "total": 84.0996882290001,
    "count": 1,
    "self": 0.0032515070001863933,
    "children": {
        "run_training.setup": {
            "total": 0.006089628000154335,
            "count": 1,
            "self": 0.006089628000154335
        },
        "TrainerController.start_learning": {
            "total": 84.09034709399975,
            "count": 1,
            "self": 0.07169114099724538,
            "children": {
                "TrainerController._reset_env": {
                    "total": 4.188516472000174,
                    "count": 1,
                    "self": 4.188516472000174
                },
                "TrainerController.advance": {
                    "total": 79.74238483200224,
                    "count": 4764,
                    "self": 0.0638268230027279,
                    "children": {
                        "env_step": {
                            "total": 79.40446128600661,
                            "count": 4764,
                            "self": 74.2254780140006,
                            "children": {
                                "SubprocessEnvManager._take_step": {
                                    "total": 5.137516121008957,
                                    "count": 4764,
                                    "self": 0.16287295598795026,
                                    "children": {
                                        "TorchPolicy.evaluate": {
                                            "total": 4.974643165021007,
                                            "count": 4764,
                                            "self": 4.974643165021007
                                        }
                                    }
                                },
                                "workers": {
                                    "total": 0.04146715099705034,
                                    "count": 4763,
                                    "self": 0.0,
                                    "children": {
                                        "worker_root": {
                                            "total": 23.848561165007595,
                                            "count": 4763,
                                            "is_parallel": true,
                                            "self": 12.275007435995121,
                                            "children": {
                                                "run_training.setup": {
                                                    "total": 0.0,
                                                    "count": 0,
                                                    "is_parallel": true,
                                                    "self": 0.0,
                                                    "children": {
                                                        "steps_from_proto": {
                                                            "total": 0.0005930699999225908,
                                                            "count": 1,
                                                            "is_parallel": true,
                                                            "self": 0.000254369000231236,
                                                            "children": {
                                                                "_process_rank_one_or_two_observation": {
                                                                    "total": 0.0003387009996913548,
                                                                    "count": 2,
                                                                    "is_parallel": true,
                                                                    "self": 0.0003387009996913548
                                                                }
                                                            }
                                                        },
                                                        "UnityEnvironment.step": {
                                                            "total": 0.017262641999877815,
                                                            "count": 1,
                                                            "is_parallel": true,
                                                            "self": 8.640599980935804e-05,
                                                            "children": {
                                                                "UnityEnvironment._generate_step_input": {
                                                                    "total": 0.00012177400003565708,
                                                                    "count": 1,
                                                                    "is_parallel": true,
                                                                    "self": 0.00012177400003565708
                                                                },
                                                                "communicator.exchange": {
                                                                    "total": 0.016797457999928156,
                                                                    "count": 1,
                                                                    "is_parallel": true,
                                                                    "self": 0.016797457999928156
                                                                },
                                                                "steps_from_proto": {
                                                                    "total": 0.00025700400010464364,
                                                                    "count": 1,
                                                                    "is_parallel": true,
                                                                    "self": 0.0001471729997319926,
                                                                    "children": {
                                                                        "_process_rank_one_or_two_observation": {
                                                                            "total": 0.00010983100037265103,
                                                                            "count": 2,
                                                                            "is_parallel": true,
                                                                            "self": 0.00010983100037265103
                                                                        }
                                                                    }
                                                                }
                                                            }
                                                        }
                                                    }
                                                },
                                                "UnityEnvironment.step": {
                                                    "total": 11.573553729012474,
                                                    "count": 4762,
                                                    "is_parallel": true,
                                                    "self": 0.28210996202096794,