{
    "name": "root",
    "metadata": {
        "timer_format_version": "0.1.0",
        "start_time_seconds": "1671995580",
        "python_version": "3.8.15 (default, Nov 24 2022, 15:19:38) \n[GCC 11.2.0]",
        "command_line_arguments": "/home/yueqi/anaconda3/envs/unity-drl/bin/mlagents-learn Hand.yaml --run-id=1312",
        "mlagents_version": "0.31.0.dev0",
        "mlagents_envs_version": "0.31.0.dev0",
        "communication_protocol_version": "1.5.0",
        "pytorch_version": "1.8.1+cu102",
        "numpy_version": "1.21.2",
        "end_time_seconds": "1671995687"
    },
    "total": 107.2469267629931,
    "count": 1,
    "self": 0.005446554001537152,
    "children": {
        "run_training.setup": {
            "total": 0.011285111992037855,
            "count": 1,
            "self": 0.011285111992037855
        },
        "TrainerController.start_learning": {
            "total": 107.23019509699952,
            "count": 1,
            "self": 0.13263105452642776,
            "children": {
                "TrainerController._reset_env": {
                    "total": 13.709878811001545,
                    "count": 1,
                    "self": 13.709878811001545
                },
                "TrainerController.advance": {
                    "total": 93.21796820547024,
                    "count": 4704,
                    "self": 0.11094651569146663,
                    "children": {
                        "env_step": {
                            "total": 92.67773250493337,
                            "count": 4704,
                            "self": 83.18551176403707,
                            "children": {
                                "SubprocessEnvManager._take_step": {
                                    "total": 9.42195551180339,
                                    "count": 4704,
                                    "self": 0.25292608137533534,
                                    "children": {
                                        "TorchPolicy.evaluate": {
                                            "total": 9.169029430428054,
                                            "count": 4704,
                                            "self": 9.169029430428054
                                        }
                                    }
                                },
                                "workers": {
                                    "total": 0.07026522909291089,
                                    "count": 4703,
                                    "self": 0.0,
                                    "children": {
                                        "worker_root": {
                                            "total": 46.79515682112833,
                                            "count": 4703,
                                            "is_parallel": true,
                                            "self": 28.05857821078098,
                                            "children": {
                                                "run_training.setup": {
                                                    "total": 0.0,
                                                    "count": 0,
                                                    "is_parallel": true,
                                                    "self": 0.0,
                                                    "children": {
                                                        "steps_from_proto": {
                                                            "total": 0.0009169850090984255,
                                                            "count": 1,
                                                            "is_parallel": true,
                                                            "self": 0.0006538570014527068,
                                                            "children": {
                                                                "_process_rank_one_or_two_observation": {
                                                                    "total": 0.00026312800764571875,
                                                                    "count": 2,
                                                                    "is_parallel": true,
                                                                    "self": 0.00026312800764571875
                                                                }
                                                            }
                                                        },
                                                        "UnityEnvironment.step": {
                                                            "total": 0.058363653006381355,
                                                            "count": 1,
                                                            "is_parallel": true,
                                                            "self": 0.00020728199160657823,
                                                            "children": {
                                                                "UnityEnvironment._generate_step_input": {
                                                                    "total": 0.00029855500906705856,
                                                                    "count": 1,
                                                                    "is_parallel": true,
                                                                    "self": 0.00029855500906705856
                                                                },
                                                                "communicator.exchange": {
                                                                    "total": 0.05739472000277601,
                                                                    "count": 1,
                                                                    "is_parallel": true,
                                                                    "self": 0.05739472000277601
                                                                },
                                                                "steps_from_proto": {
                                                                    "total": 0.0004630960029317066,
                                                                    "count": 1,
                                                                    "is_parallel": true,
                                                                    "self": 0.00022416400315705687,
                                                                    "children": {
                                                                        "_process_rank_one_or_two_observation": {
                                                                            "total": 0.00023893199977464974,
                                                                            "count": 2,
                                                                            "is_parallel": true,
                                                                            "self": 0.00023893199977464974
                                                                        }
                                                                    }
                                                                }
                                                            }
                                                        }
                                                    }
                                                },
                                                "UnityEnvironment.step": {
                                                    "total": 18.73657861034735,
                                                    "count": 4702,
                                                    "is_parallel": true,
                                                    "self": 0.4510438354627695,