{
    "name": "root",
    "metadata": {
        "timer_format_version": "0.1.0",
        "start_time_seconds": "1671764259",
        "python_version": "3.9.15 (main, Nov 24 2022, 14:31:59) \n[GCC 11.2.0]",
        "command_line_arguments": "/home/bryanat/anaconda3/envs/Unity1/bin/mlagents-learn Hand.yaml --run-id=HandTrain004",
        "mlagents_version": "0.30.0",
        "mlagents_envs_version": "0.30.0",
        "communication_protocol_version": "1.5.0",
        "pytorch_version": "1.11.0+cu102",
        "numpy_version": "1.21.2",
        "end_time_seconds": "1671764297"
    },
    "total": 38.47207179700126,
    "count": 1,
    "self": 0.010101516996655846,
    "children": {
        "run_training.setup": {
            "total": 0.020042711003043223,
            "count": 1,
            "self": 0.020042711003043223
        },
        "TrainerController.start_learning": {
            "total": 38.441927569001564,
            "count": 1,
            "self": 0.02406263896045857,
            "children": {
                "TrainerController._reset_env": {
                    "total": 5.874177156001679,
                    "count": 1,
                    "self": 5.874177156001679
                },
                "TrainerController.advance": {
                    "total": 32.353353446036635,
                    "count": 857,
                    "self": 0.02330559497931972,
                    "children": {
                        "env_step": {
                            "total": 32.24341504704353,
                            "count": 857,
                            "self": 30.10850193702936,
                            "children": {
                                "SubprocessEnvManager._take_step": {
                                    "total": 2.1207156340242364,
                                    "count": 857,
                                    "self": 0.07552802100326517,
                                    "children": {
                                        "TorchPolicy.evaluate": {
                                            "total": 2.045187613020971,
                                            "count": 857,
                                            "self": 2.045187613020971
                                        }
                                    }
                                },
                                "workers": {
                                    "total": 0.014197475989931263,
                                    "count": 856,
                                    "self": 0.0,
                                    "children": {
                                        "worker_root": {
                                            "total": 24.945699775980756,
                                            "count": 856,
                                            "is_parallel": true,
                                            "self": 9.330382913016365,
                                            "children": {
                                                "run_training.setup": {
                                                    "total": 0.0,
                                                    "count": 0,
                                                    "is_parallel": true,
                                                    "self": 0.0,
                                                    "children": {
                                                        "steps_from_proto": {
                                                            "total": 0.0009760470020410139,
                                                            "count": 1,
                                                            "is_parallel": true,
                                                            "self": 0.0004897170001640916,
                                                            "children": {
                                                                "_process_rank_one_or_two_observation": {
                                                                    "total": 0.0004863300018769223,
                                                                    "count": 2,
                                                                    "is_parallel": true,
                                                                    "self": 0.0004863300018769223
                                                                }
                                                            }
                                                        },
                                                        "UnityEnvironment.step": {
                                                            "total": 0.04603225699975155,
                                                            "count": 1,
                                                            "is_parallel": true,
                                                            "self": 0.00011129400081699714,
                                                            "children": {
                                                                "UnityEnvironment._generate_step_input": {
                                                                    "total": 0.0001466169997001998,
                                                                    "count": 1,
                                                                    "is_parallel": true,
                                                                    "self": 0.0001466169997001998
                                                                },
                                                                "communicator.exchange": {
                                                                    "total": 0.04538423700068961,
                                                                    "count": 1,
                                                                    "is_parallel": true,
                                                                    "self": 0.04538423700068961
                                                                },
                                                                "steps_from_proto": {
                                                                    "total": 0.000390108998544747,
                                                                    "count": 1,
                                                                    "is_parallel": true,
                                                                    "self": 0.00024190800104406662,
                                                                    "children": {
                                                                        "_process_rank_one_or_two_observation": {
                                                                            "total": 0.0001482009975006804,
                                                                            "count": 2,
                                                                            "is_parallel": true,
                                                                            "self": 0.0001482009975006804
                                                                        }
                                                                    }
                                                                }
                                                            }
                                                        }
                                                    }
                                                },
                                                "UnityEnvironment.step": {
                                                    "total": 15.615316862964391,
                                                    "count": 855,
                                                    "is_parallel": true,
                                                    "self": 0.10136698606220307,