{
    "name": "root",
    "metadata": {
        "timer_format_version": "0.1.0",
        "start_time_seconds": "1671845809",
        "python_version": "3.8.15 (default, Nov 24 2022, 15:19:38) \n[GCC 11.2.0]",
        "command_line_arguments": "/home/yueqi/anaconda3/envs/unity-drl/bin/mlagents-learn Hand.yaml --run-id=hand1936",
        "mlagents_version": "0.31.0.dev0",
        "mlagents_envs_version": "0.31.0.dev0",
        "communication_protocol_version": "1.5.0",
        "pytorch_version": "1.8.1+cu102",
        "numpy_version": "1.21.2",
        "end_time_seconds": "1671845939"
    },
    "total": 130.53614239300077,
    "count": 1,
    "self": 0.003379293004400097,
    "children": {
        "run_training.setup": {
            "total": 0.013041172998782713,
            "count": 1,
            "self": 0.013041172998782713
        },
        "TrainerController.start_learning": {
            "total": 130.5197219269976,
            "count": 1,
            "self": 0.2023665600027016,
            "children": {
                "TrainerController._reset_env": {
                    "total": 5.8716220509995765,
                    "count": 1,
                    "self": 5.8716220509995765
                },
                "TrainerController.advance": {
                    "total": 124.33527394599514,
                    "count": 9924,
                    "self": 0.1811654132543481,
                    "children": {
                        "env_step": {
                            "total": 123.41484225381282,
                            "count": 9924,
                            "self": 108.52585552445089,
                            "children": {
                                "SubprocessEnvManager._take_step": {
                                    "total": 14.769017578040803,
                                    "count": 9924,
                                    "self": 0.47222471587519976,
                                    "children": {
                                        "TorchPolicy.evaluate": {
                                            "total": 14.296792862165603,
                                            "count": 9924,
                                            "self": 14.296792862165603
                                        }
                                    }
                                },
                                "workers": {
                                    "total": 0.11996915132112917,
                                    "count": 9923,
                                    "self": 0.0,
                                    "children": {
                                        "worker_root": {
                                            "total": 70.07337495689353,
                                            "count": 9923,
                                            "is_parallel": true,
                                            "self": 28.78067129676856,
                                            "children": {
                                                "run_training.setup": {
                                                    "total": 0.0,
                                                    "count": 0,
                                                    "is_parallel": true,
                                                    "self": 0.0,
                                                    "children": {
                                                        "steps_from_proto": {
                                                            "total": 0.0014929249991837423,
                                                            "count": 1,
                                                            "is_parallel": true,
                                                            "self": 0.0010720179961936083,
                                                            "children": {
                                                                "_process_rank_one_or_two_observation": {
                                                                    "total": 0.00042090700299013406,
                                                                    "count": 2,
                                                                    "is_parallel": true,
                                                                    "self": 0.00042090700299013406
                                                                }
                                                            }
                                                        },
                                                        "UnityEnvironment.step": {
                                                            "total": 0.02874121499917237,
                                                            "count": 1,
                                                            "is_parallel": true,
                                                            "self": 0.0001529400033177808,
                                                            "children": {
                                                                "UnityEnvironment._generate_step_input": {
                                                                    "total": 0.0001859719995991327,
                                                                    "count": 1,
                                                                    "is_parallel": true,
                                                                    "self": 0.0001859719995991327
                                                                },
                                                                "communicator.exchange": {
                                                                    "total": 0.02800112399927457,
                                                                    "count": 1,
                                                                    "is_parallel": true,
                                                                    "self": 0.02800112399927457
                                                                },
                                                                "steps_from_proto": {
                                                                    "total": 0.00040117899698088877,
                                                                    "count": 1,
                                                                    "is_parallel": true,
                                                                    "self": 0.00021500699949683622,
                                                                    "children": {
                                                                        "_process_rank_one_or_two_observation": {
                                                                            "total": 0.00018617199748405255,
                                                                            "count": 2,
                                                                            "is_parallel": true,
                                                                            "self": 0.00018617199748405255
                                                                        }
                                                                    }
                                                                }
                                                            }
                                                        }
                                                    }
                                                },
                                                "UnityEnvironment.step": {
                                                    "total": 41.29270366012497,
                                                    "count": 9922,
                                                    "is_parallel": true,
                                                    "self": 0.7195241761437501,