{
    "name": "root",
    "metadata": {
        "timer_format_version": "0.1.0",
        "start_time_seconds": "1671919989",
        "python_version": "3.8.15 (default, Nov 24 2022, 15:19:38) \n[GCC 11.2.0]",
        "command_line_arguments": "/home/yueqi/anaconda3/envs/unity-drl/bin/mlagents-learn Hand.yaml --run-id=1613",
        "mlagents_version": "0.31.0.dev0",
        "mlagents_envs_version": "0.31.0.dev0",
        "communication_protocol_version": "1.5.0",
        "pytorch_version": "1.8.1+cu102",
        "numpy_version": "1.21.2",
        "end_time_seconds": "1671920093"
    },
    "total": 104.30747207500008,
    "count": 1,
    "self": 0.0032021460001487867,
    "children": {
        "run_training.setup": {
            "total": 0.0064000570000644075,
            "count": 1,
            "self": 0.0064000570000644075
        },
        "TrainerController.start_learning": {
            "total": 104.29786987199986,
            "count": 1,
            "self": 0.04915754701642072,
            "children": {
                "TrainerController._reset_env": {
                    "total": 29.568287853999664,
                    "count": 1,
                    "self": 29.568287853999664
                },
                "TrainerController.advance": {
                    "total": 74.59617593698385,
                    "count": 3307,
                    "self": 0.04258071797403318,
                    "children": {
                        "env_step": {
                            "total": 74.37000955801432,
                            "count": 3307,
                            "self": 70.70837590003885,
                            "children": {
                                "SubprocessEnvManager._take_step": {
                                    "total": 3.6319002849863864,
                                    "count": 3307,
                                    "self": 0.11575441098057127,
                                    "children": {
                                        "TorchPolicy.evaluate": {
                                            "total": 3.516145874005815,
                                            "count": 3307,
                                            "self": 3.516145874005815
                                        }
                                    }
                                },
                                "workers": {
                                    "total": 0.029733372989085183,
                                    "count": 3306,
                                    "self": 0.0,
                                    "children": {
                                        "worker_root": {
                                            "total": 44.074368038996,
                                            "count": 3306,
                                            "is_parallel": true,
                                            "self": 35.24667699300153,
                                            "children": {
                                                "run_training.setup": {
                                                    "total": 0.0,
                                                    "count": 0,
                                                    "is_parallel": true,
                                                    "self": 0.0,
                                                    "children": {
                                                        "steps_from_proto": {
                                                            "total": 0.0005248620000202209,
                                                            "count": 1,
                                                            "is_parallel": true,
                                                            "self": 0.00024009199978536344,
                                                            "children": {
                                                                "_process_rank_one_or_two_observation": {
                                                                    "total": 0.00028477000023485743,
                                                                    "count": 2,
                                                                    "is_parallel": true,
                                                                    "self": 0.00028477000023485743
                                                                }
                                                            }
                                                        },
                                                        "UnityEnvironment.step": {
                                                            "total": 0.022640270000010787,
                                                            "count": 1,
                                                            "is_parallel": true,
                                                            "self": 7.950400004119729e-05,
                                                            "children": {
                                                                "UnityEnvironment._generate_step_input": {
                                                                    "total": 0.00010705600016081007,
                                                                    "count": 1,
                                                                    "is_parallel": true,
                                                                    "self": 0.00010705600016081007
                                                                },
                                                                "communicator.exchange": {
                                                                    "total": 0.022208777999821905,
                                                                    "count": 1,
                                                                    "is_parallel": true,
                                                                    "self": 0.022208777999821905
                                                                },
                                                                "steps_from_proto": {
                                                                    "total": 0.00024493199998687487,
                                                                    "count": 1,
                                                                    "is_parallel": true,
                                                                    "self": 0.0001416130003235594,
                                                                    "children": {
                                                                        "_process_rank_one_or_two_observation": {
                                                                            "total": 0.00010331899966331548,
                                                                            "count": 2,
                                                                            "is_parallel": true,
                                                                            "self": 0.00010331899966331548
                                                                        }
                                                                    }
                                                                }
                                                            }
                                                        }
                                                    }
                                                },
                                                "UnityEnvironment.step": {
                                                    "total": 8.82769104599447,
                                                    "count": 3305,
                                                    "is_parallel": true,
                                                    "self": 0.19045809500084943,