{
    "name": "root",
    "metadata": {
        "timer_format_version": "0.1.0",
        "start_time_seconds": "1671830587",
        "python_version": "3.8.15 (default, Nov 24 2022, 15:19:38) \n[GCC 11.2.0]",
        "command_line_arguments": "/home/yueqi/anaconda3/envs/unity-drl/bin/mlagents-learn Hand.yaml --run-id=hand1523",
        "mlagents_version": "0.31.0.dev0",
        "mlagents_envs_version": "0.31.0.dev0",
        "communication_protocol_version": "1.5.0",
        "pytorch_version": "1.8.1+cu102",
        "numpy_version": "1.21.2",
        "end_time_seconds": "1671830688"
    },
    "total": 101.14621575599995,
    "count": 1,
    "self": 0.00452517300072941,
    "children": {
        "run_training.setup": {
            "total": 0.017446234998715227,
            "count": 1,
            "self": 0.017446234998715227
        },
        "TrainerController.start_learning": {
            "total": 101.1242443480005,
            "count": 1,
            "self": 0.04334185600419005,
            "children": {
                "TrainerController._reset_env": {
                    "total": 27.3239752820009,
                    "count": 1,
                    "self": 27.3239752820009
                },
                "TrainerController.advance": {
                    "total": 73.52575597499526,
                    "count": 1781,
                    "self": 0.037952676035274635,
                    "children": {
                        "env_step": {
                            "total": 73.3377724830134,
                            "count": 1781,
                            "self": 69.97161694304486,
                            "children": {
                                "SubprocessEnvManager._take_step": {
                                    "total": 3.3426311829844053,
                                    "count": 1781,
                                    "self": 0.09620828096922196,
                                    "children": {
                                        "TorchPolicy.evaluate": {
                                            "total": 3.2464229020151834,
                                            "count": 1781,
                                            "self": 3.2464229020151834
                                        }
                                    }
                                },
                                "workers": {
                                    "total": 0.023524356984125916,
                                    "count": 1780,
                                    "self": 0.0,
                                    "children": {
                                        "worker_root": {
                                            "total": 40.69968928302842,
                                            "count": 1780,
                                            "is_parallel": true,
                                            "self": 32.483146298034626,
                                            "children": {
                                                "run_training.setup": {
                                                    "total": 0.0,
                                                    "count": 0,
                                                    "is_parallel": true,
                                                    "self": 0.0,
                                                    "children": {
                                                        "steps_from_proto": {
                                                            "total": 0.006793539998398046,
                                                            "count": 1,
                                                            "is_parallel": true,
                                                            "self": 0.0008532669980922947,
                                                            "children": {
                                                                "_process_rank_one_or_two_observation": {
                                                                    "total": 0.005940273000305751,
                                                                    "count": 2,
                                                                    "is_parallel": true,
                                                                    "self": 0.005940273000305751
                                                                }
                                                            }
                                                        },
                                                        "UnityEnvironment.step": {
                                                            "total": 0.032831492000696016,
                                                            "count": 1,
                                                            "is_parallel": true,
                                                            "self": 0.00014186600310495123,
                                                            "children": {
                                                                "UnityEnvironment._generate_step_input": {
                                                                    "total": 0.000170212999364594,
                                                                    "count": 1,
                                                                    "is_parallel": true,
                                                                    "self": 0.000170212999364594
                                                                },
                                                                "communicator.exchange": {
                                                                    "total": 0.03215755699966394,
                                                                    "count": 1,
                                                                    "is_parallel": true,
                                                                    "self": 0.03215755699966394
                                                                },
                                                                "steps_from_proto": {
                                                                    "total": 0.0003618559985625325,
                                                                    "count": 1,
                                                                    "is_parallel": true,
                                                                    "self": 0.00019113199778075796,
                                                                    "children": {
                                                                        "_process_rank_one_or_two_observation": {
                                                                            "total": 0.00017072400078177452,
                                                                            "count": 2,
                                                                            "is_parallel": true,
                                                                            "self": 0.00017072400078177452
                                                                        }
                                                                    }
                                                                }
                                                            }
                                                        }
                                                    }
                                                },
                                                "UnityEnvironment.step": {
                                                    "total": 8.216542984993794,
                                                    "count": 1779,
                                                    "is_parallel": true,
                                                    "self": 0.16637479396194976,