{
    "name": "root",
    "metadata": {
        "timer_format_version": "0.1.0",
        "start_time_seconds": "1671948429",
        "python_version": "3.8.15 (default, Nov 24 2022, 15:19:38) \n[GCC 11.2.0]",
        "command_line_arguments": "/home/yueqi/anaconda3/envs/unity-drl/bin/mlagents-learn Hand.yaml --run-id=0007",
        "mlagents_version": "0.31.0.dev0",
        "mlagents_envs_version": "0.31.0.dev0",
        "communication_protocol_version": "1.5.0",
        "pytorch_version": "1.8.1+cu102",
        "numpy_version": "1.21.2",
        "end_time_seconds": "1671948538"
    },
    "total": 108.65605718199731,
    "count": 1,
    "self": 0.003280662996985484,
    "children": {
        "run_training.setup": {
            "total": 0.009917470000800677,
            "count": 1,
            "self": 0.009917470000800677
        },
        "TrainerController.start_learning": {
            "total": 108.64285904899953,
            "count": 1,
            "self": 0.10149927093880251,
            "children": {
                "TrainerController._reset_env": {
                    "total": 15.43534756200097,
                    "count": 1,
                    "self": 15.43534756200097
                },
                "TrainerController.advance": {
                    "total": 93.00392910205846,
                    "count": 4581,
                    "self": 0.09384885105828289,
                    "children": {
                        "env_step": {
                            "total": 92.56629865204013,
                            "count": 4581,
                            "self": 85.16351224732716,
                            "children": {
                                "SubprocessEnvManager._take_step": {
                                    "total": 7.348485649810755,
                                    "count": 4581,
                                    "self": 0.21688299597008154,
                                    "children": {
                                        "TorchPolicy.evaluate": {
                                            "total": 7.131602653840673,
                                            "count": 4581,
                                            "self": 7.131602653840673
                                        }
                                    }
                                },
                                "workers": {
                                    "total": 0.054300754902214976,
                                    "count": 4580,
                                    "self": 0.0,
                                    "children": {
                                        "worker_root": {
                                            "total": 48.32279598509194,
                                            "count": 4580,
                                            "is_parallel": true,
                                            "self": 26.84719063603552,
                                            "children": {
                                                "run_training.setup": {
                                                    "total": 0.0,
                                                    "count": 0,
                                                    "is_parallel": true,
                                                    "self": 0.0,
                                                    "children": {
                                                        "steps_from_proto": {
                                                            "total": 0.000997327999357367,
                                                            "count": 1,
                                                            "is_parallel": true,
                                                            "self": 0.0004742679993796628,
                                                            "children": {
                                                                "_process_rank_one_or_two_observation": {
                                                                    "total": 0.0005230599999777041,
                                                                    "count": 2,
                                                                    "is_parallel": true,
                                                                    "self": 0.0005230599999777041
                                                                }
                                                            }
                                                        },
                                                        "UnityEnvironment.step": {
                                                            "total": 0.026076620000822004,
                                                            "count": 1,
                                                            "is_parallel": true,
                                                            "self": 0.00014760800695512444,
                                                            "children": {
                                                                "UnityEnvironment._generate_step_input": {
                                                                    "total": 0.0001365389980492182,
                                                                    "count": 1,
                                                                    "is_parallel": true,
                                                                    "self": 0.0001365389980492182
                                                                },
                                                                "communicator.exchange": {
                                                                    "total": 0.025304227998276474,
                                                                    "count": 1,
                                                                    "is_parallel": true,
                                                                    "self": 0.025304227998276474
                                                                },
                                                                "steps_from_proto": {
                                                                    "total": 0.00048824499754118733,
                                                                    "count": 1,
                                                                    "is_parallel": true,
                                                                    "self": 0.0002494729960744735,
                                                                    "children": {
                                                                        "_process_rank_one_or_two_observation": {
                                                                            "total": 0.00023877200146671385,
                                                                            "count": 2,
                                                                            "is_parallel": true,
                                                                            "self": 0.00023877200146671385
                                                                        }
                                                                    }
                                                                }
                                                            }
                                                        }
                                                    }
                                                },
                                                "UnityEnvironment.step": {
                                                    "total": 21.475605349056423,
                                                    "count": 4579,
                                                    "is_parallel": true,
                                                    "self": 0.3841350810835138,