{
    "name": "root",
    "metadata": {
        "timer_format_version": "0.1.0",
        "start_time_seconds": "1671952477",
        "python_version": "3.8.15 (default, Nov 24 2022, 15:19:38) \n[GCC 11.2.0]",
        "command_line_arguments": "/home/yueqi/anaconda3/envs/unity-drl/bin/mlagents-learn Hand.yaml --run-id=0114",
        "mlagents_version": "0.31.0.dev0",
        "mlagents_envs_version": "0.31.0.dev0",
        "communication_protocol_version": "1.5.0",
        "pytorch_version": "1.8.1+cu102",
        "numpy_version": "1.21.2",
        "end_time_seconds": "1671952520"
    },
    "total": 43.406230353000865,
    "count": 1,
    "self": 0.003214759002730716,
    "children": {
        "run_training.setup": {
            "total": 0.00625750999461161,
            "count": 1,
            "self": 0.00625750999461161
        },
        "TrainerController.start_learning": {
            "total": 43.39675808400352,
            "count": 1,
            "self": 0.026591347996145487,
            "children": {
                "TrainerController._reset_env": {
                    "total": 6.333317428005103,
                    "count": 1,
                    "self": 6.333317428005103
                },
                "TrainerController.advance": {
                    "total": 36.95178977200703,
                    "count": 1757,
                    "self": 0.022498962040117476,
                    "children": {
                        "env_step": {
                            "total": 36.85493480304285,
                            "count": 1757,
                            "self": 34.88806584235863,
                            "children": {
                                "SubprocessEnvManager._take_step": {
                                    "total": 1.9515476629458135,
                                    "count": 1757,
                                    "self": 0.061404470667184796,
                                    "children": {
                                        "TorchPolicy.evaluate": {
                                            "total": 1.8901431922786287,
                                            "count": 1757,
                                            "self": 1.8901431922786287
                                        }
                                    }
                                },
                                "workers": {
                                    "total": 0.015321297738410067,
                                    "count": 1756,
                                    "self": 0.0,
                                    "children": {
                                        "worker_root": {
                                            "total": 13.983035617871792,
                                            "count": 1756,
                                            "is_parallel": true,
                                            "self": 9.346656549758336,
                                            "children": {
                                                "run_training.setup": {
                                                    "total": 0.0,
                                                    "count": 0,
                                                    "is_parallel": true,
                                                    "self": 0.0,
                                                    "children": {
                                                        "steps_from_proto": {
                                                            "total": 0.0005613710018224083,
                                                            "count": 1,
                                                            "is_parallel": true,
                                                            "self": 0.0002621570019982755,
                                                            "children": {
                                                                "_process_rank_one_or_two_observation": {
                                                                    "total": 0.00029921399982413277,
                                                                    "count": 2,
                                                                    "is_parallel": true,
                                                                    "self": 0.00029921399982413277
                                                                }
                                                            }
                                                        },
                                                        "UnityEnvironment.step": {
                                                            "total": 0.0365641489988775,
                                                            "count": 1,
                                                            "is_parallel": true,
                                                            "self": 8.452999463770539e-05,
                                                            "children": {
                                                                "UnityEnvironment._generate_step_input": {
                                                                    "total": 0.00011256300058448687,
                                                                    "count": 1,
                                                                    "is_parallel": true,
                                                                    "self": 0.00011256300058448687
                                                                },
                                                                "communicator.exchange": {
                                                                    "total": 0.03611366700351937,
                                                                    "count": 1,
                                                                    "is_parallel": true,
                                                                    "self": 0.03611366700351937
                                                                },
                                                                "steps_from_proto": {
                                                                    "total": 0.00025338900013593957,
                                                                    "count": 1,
                                                                    "is_parallel": true,
                                                                    "self": 0.00014662700414191931,
                                                                    "children": {
                                                                        "_process_rank_one_or_two_observation": {
                                                                            "total": 0.00010676199599402025,
                                                                            "count": 2,
                                                                            "is_parallel": true,
                                                                            "self": 0.00010676199599402025
                                                                        }
                                                                    }
                                                                }
                                                            }
                                                        }
                                                    }
                                                },
                                                "UnityEnvironment.step": {
                                                    "total": 4.636379068113456,
                                                    "count": 1755,
                                                    "is_parallel": true,
                                                    "self": 0.10057851807505358,