{
    "name": "root",
    "metadata": {
        "timer_format_version": "0.1.0",
        "start_time_seconds": "1671763513",
        "python_version": "3.9.15 (main, Nov 24 2022, 14:31:59) \n[GCC 11.2.0]",
        "command_line_arguments": "/home/bryanat/anaconda3/envs/Unity1/bin/mlagents-learn Hand.yaml --run-id=HandTrain001",
        "mlagents_version": "0.30.0",
        "mlagents_envs_version": "0.30.0",
        "communication_protocol_version": "1.5.0",
        "pytorch_version": "1.11.0+cu102",
        "numpy_version": "1.21.2",
        "end_time_seconds": "1671763656"
    },
    "total": 142.97806878200208,
    "count": 1,
    "self": 0.007940670002426486,
    "children": {
        "run_training.setup": {
            "total": 0.014076186998863705,
            "count": 1,
            "self": 0.014076186998863705
        },
        "TrainerController.start_learning": {
            "total": 142.9560519250008,
            "count": 1,
            "self": 0.09789735509548336,
            "children": {
                "TrainerController._reset_env": {
                    "total": 9.292062616001203,
                    "count": 1,
                    "self": 9.292062616001203
                },
                "TrainerController.advance": {
                    "total": 133.33045772690457,
                    "count": 3727,
                    "self": 0.09189353379406384,
                    "children": {
                        "env_step": {
                            "total": 132.91881720015226,
                            "count": 3727,
                            "self": 124.01022942033524,
                            "children": {
                                "SubprocessEnvManager._take_step": {
                                    "total": 8.847397299905424,
                                    "count": 3727,
                                    "self": 0.3256826228243881,
                                    "children": {
                                        "TorchPolicy.evaluate": {
                                            "total": 8.521714677081036,
                                            "count": 3727,
                                            "self": 8.521714677081036
                                        }
                                    }
                                },
                                "workers": {
                                    "total": 0.06119047991160187,
                                    "count": 3726,
                                    "self": 0.0,
                                    "children": {
                                        "worker_root": {
                                            "total": 82.49385372300821,
                                            "count": 3726,
                                            "is_parallel": true,
                                            "self": 23.807192788037355,
                                            "children": {
                                                "run_training.setup": {
                                                    "total": 0.0,
                                                    "count": 0,
                                                    "is_parallel": true,
                                                    "self": 0.0,
                                                    "children": {
                                                        "steps_from_proto": {
                                                            "total": 0.0010413839991088025,
                                                            "count": 1,
                                                            "is_parallel": true,
                                                            "self": 0.0005006760002288502,
                                                            "children": {
                                                                "_process_rank_one_or_two_observation": {
                                                                    "total": 0.0005407079988799524,
                                                                    "count": 2,
                                                                    "is_parallel": true,
                                                                    "self": 0.0005407079988799524
                                                                }
                                                            }
                                                        },
                                                        "UnityEnvironment.step": {
                                                            "total": 0.03623730099934619,
                                                            "count": 1,
                                                            "is_parallel": true,
                                                            "self": 0.00012255600086064078,
                                                            "children": {
                                                                "UnityEnvironment._generate_step_input": {
                                                                    "total": 0.0001507439992565196,
                                                                    "count": 1,
                                                                    "is_parallel": true,
                                                                    "self": 0.0001507439992565196
                                                                },
                                                                "communicator.exchange": {
                                                                    "total": 0.035530631997971795,
                                                                    "count": 1,
                                                                    "is_parallel": true,
                                                                    "self": 0.035530631997971795
                                                                },
                                                                "steps_from_proto": {
                                                                    "total": 0.0004333690012572333,
                                                                    "count": 1,
                                                                    "is_parallel": true,
                                                                    "self": 0.00026833499941858463,
                                                                    "children": {
                                                                        "_process_rank_one_or_two_observation": {
                                                                            "total": 0.0001650340018386487,
                                                                            "count": 2,
                                                                            "is_parallel": true,
                                                                            "self": 0.0001650340018386487
                                                                        }
                                                                    }
                                                                }
                                                            }
                                                        }
                                                    }
                                                },
                                                "UnityEnvironment.step": {
                                                    "total": 58.68666093497086,
                                                    "count": 3725,
                                                    "is_parallel": true,
                                                    "self": 0.43828964218482724,