{
    "name": "root",
    "metadata": {
        "timer_format_version": "0.1.0",
        "start_time_seconds": "1671761510",
        "python_version": "3.8.15 (default, Nov 24 2022, 15:19:38) \n[GCC 11.2.0]",
        "command_line_arguments": "/home/yueqi/anaconda3/envs/unity-drl/bin/mlagents-learn Hand.yaml --run-id=2011",
        "mlagents_version": "0.31.0.dev0",
        "mlagents_envs_version": "0.31.0.dev0",
        "communication_protocol_version": "1.5.0",
        "pytorch_version": "1.8.1+cu102",
        "numpy_version": "1.21.2",
        "end_time_seconds": "1671761597"
    },
    "total": 86.9619277249999,
    "count": 1,
    "self": 0.003457111999978224,
    "children": {
        "run_training.setup": {
            "total": 0.008464372999924308,
            "count": 1,
            "self": 0.008464372999924308
        },
        "TrainerController.start_learning": {
            "total": 86.95000624,
            "count": 1,
            "self": 0.0651487069999348,
            "children": {
                "TrainerController._reset_env": {
                    "total": 5.390127484999994,
                    "count": 1,
                    "self": 5.390127484999994
                },
                "TrainerController.advance": {
                    "total": 81.36125108700003,
                    "count": 3177,
                    "self": 0.06251226900189977,
                    "children": {
                        "env_step": {
                            "total": 81.05825167999546,
                            "count": 3177,
                            "self": 76.54563015099347,
                            "children": {
                                "SubprocessEnvManager._take_step": {
                                    "total": 4.473724567001227,
                                    "count": 3177,
                                    "self": 0.1461986030119533,
                                    "children": {
                                        "TorchPolicy.evaluate": {
                                            "total": 4.327525963989274,
                                            "count": 3177,
                                            "self": 4.327525963989274
                                        }
                                    }
                                },
                                "workers": {
                                    "total": 0.03889696200076287,
                                    "count": 3176,
                                    "self": 0.0,
                                    "children": {
                                        "worker_root": {
                                            "total": 56.947450285994364,
                                            "count": 3176,
                                            "is_parallel": true,
                                            "self": 12.524888614987049,
                                            "children": {
                                                "run_training.setup": {
                                                    "total": 0.0,
                                                    "count": 0,
                                                    "is_parallel": true,
                                                    "self": 0.0,
                                                    "children": {
                                                        "steps_from_proto": {
                                                            "total": 0.0009892059999856428,
                                                            "count": 1,
                                                            "is_parallel": true,
                                                            "self": 0.0006337669999538775,
                                                            "children": {
                                                                "_process_rank_one_or_two_observation": {
                                                                    "total": 0.0003554390000317653,
                                                                    "count": 2,
                                                                    "is_parallel": true,
                                                                    "self": 0.0003554390000317653
                                                                }
                                                            }
                                                        },
                                                        "UnityEnvironment.step": {
                                                            "total": 0.03171957399990788,
                                                            "count": 1,
                                                            "is_parallel": true,
                                                            "self": 0.00010246100009680958,
                                                            "children": {
                                                                "UnityEnvironment._generate_step_input": {
                                                                    "total": 0.00013081899987810175,
                                                                    "count": 1,
                                                                    "is_parallel": true,
                                                                    "self": 0.00013081899987810175
                                                                },
                                                                "communicator.exchange": {
                                                                    "total": 0.031220954999980677,
                                                                    "count": 1,
                                                                    "is_parallel": true,
                                                                    "self": 0.031220954999980677
                                                                },
                                                                "steps_from_proto": {
                                                                    "total": 0.0002653389999522915,
                                                                    "count": 1,
                                                                    "is_parallel": true,
                                                                    "self": 0.0001542170002721832,
                                                                    "children": {
                                                                        "_process_rank_one_or_two_observation": {
                                                                            "total": 0.00011112199968010827,
                                                                            "count": 2,
                                                                            "is_parallel": true,
                                                                            "self": 0.00011112199968010827
                                                                        }
                                                                    }
                                                                }
                                                            }
                                                        }
                                                    }
                                                },
                                                "UnityEnvironment.step": {
                                                    "total": 44.422561671007315,
                                                    "count": 3175,
                                                    "is_parallel": true,
                                                    "self": 0.26380574100471677,